[{"model": "admin.logentry", "pk": 1, "fields": {"action_time": "2026-04-06T12:51:50.629Z", "user": 3, "content_type": 18, "object_id": "1", "object_repr": "Google Login", "action_flag": 1, "change_message": "[{\"added\": {}}]"}}, {"model": "admin.logentry", "pk": 2, "fields": {"action_time": "2026-04-06T13:03:26.710Z", "user": 3, "content_type": 14, "object_id": "2", "object_repr": "https://ahtarafion.com/", "action_flag": 1, "change_message": "[{\"added\": {}}]"}}, {"model": "admin.logentry", "pk": 3, "fields": {"action_time": "2026-04-06T13:03:29.173Z", "user": 3, "content_type": 18, "object_id": "1", "object_repr": "Google Login", "action_flag": 2, "change_message": "[{\"changed\": {\"fields\": [\"Sites\"]}}]"}}, {"model": "admin.logentry", "pk": 4, "fields": {"action_time": "2026-04-06T13:05:22.643Z", "user": 3, "content_type": 18, "object_id": "1", "object_repr": "Google Login", "action_flag": 2, "change_message": "[{\"changed\": {\"fields\": [\"Sites\"]}}]"}}, {"model": "admin.logentry", "pk": 5, "fields": {"action_time": "2026-04-06T13:06:10.749Z", "user": 3, "content_type": 14, "object_id": "3", "object_repr": "ahtarafion.com", "action_flag": 1, "change_message": "[{\"added\": {}}]"}}, {"model": "admin.logentry", "pk": 6, "fields": {"action_time": "2026-04-06T13:06:18.127Z", "user": 3, "content_type": 18, "object_id": "1", "object_repr": "Google Login", "action_flag": 2, "change_message": "[{\"changed\": {\"fields\": [\"Sites\"]}}]"}}, {"model": "auth.permission", "pk": 1, "fields": {"name": "Can add log entry", "content_type": 1, "codename": "add_logentry"}}, {"model": "auth.permission", "pk": 2, "fields": {"name": "Can change log entry", "content_type": 1, "codename": "change_logentry"}}, {"model": "auth.permission", "pk": 3, "fields": {"name": "Can delete log entry", "content_type": 1, "codename": "delete_logentry"}}, {"model": "auth.permission", "pk": 4, "fields": {"name": "Can view log entry", "content_type": 1, "codename": "view_logentry"}}, {"model": "auth.permission", "pk": 5, "fields": {"name": "Can add permission", "content_type": 2, "codename": "add_permission"}}, {"model": "auth.permission", "pk": 6, "fields": {"name": "Can change permission", "content_type": 2, "codename": "change_permission"}}, {"model": "auth.permission", "pk": 7, "fields": {"name": "Can delete permission", "content_type": 2, "codename": "delete_permission"}}, {"model": "auth.permission", "pk": 8, "fields": {"name": "Can view permission", "content_type": 2, "codename": "view_permission"}}, {"model": "auth.permission", "pk": 9, "fields": {"name": "Can add group", "content_type": 3, "codename": "add_group"}}, {"model": "auth.permission", "pk": 10, "fields": {"name": "Can change group", "content_type": 3, "codename": "change_group"}}, {"model": "auth.permission", "pk": 11, "fields": {"name": "Can delete group", "content_type": 3, "codename": "delete_group"}}, {"model": "auth.permission", "pk": 12, "fields": {"name": "Can view group", "content_type": 3, "codename": "view_group"}}, {"model": "auth.permission", "pk": 13, "fields": {"name": "Can add content type", "content_type": 4, "codename": "add_contenttype"}}, {"model": "auth.permission", "pk": 14, "fields": {"name": "Can change content type", "content_type": 4, "codename": "change_contenttype"}}, {"model": "auth.permission", "pk": 15, "fields": {"name": "Can delete content type", "content_type": 4, "codename": "delete_contenttype"}}, {"model": "auth.permission", "pk": 16, "fields": {"name": "Can view content type", "content_type": 4, "codename": "view_contenttype"}}, {"model": "auth.permission", "pk": 17, "fields": {"name": "Can add session", "content_type": 5, "codename": "add_session"}}, {"model": "auth.permission", "pk": 18, "fields": {"name": "Can change session", "content_type": 5, "codename": "change_session"}}, {"model": "auth.permission", "pk": 19, "fields": {"name": "Can delete session", "content_type": 5, "codename": "delete_session"}}, {"model": "auth.permission", "pk": 20, "fields": {"name": "Can view session", "content_type": 5, "codename": "view_session"}}, {"model": "auth.permission", "pk": 21, "fields": {"name": "Can add user", "content_type": 6, "codename": "add_user"}}, {"model": "auth.permission", "pk": 22, "fields": {"name": "Can change user", "content_type": 6, "codename": "change_user"}}, {"model": "auth.permission", "pk": 23, "fields": {"name": "Can delete user", "content_type": 6, "codename": "delete_user"}}, {"model": "auth.permission", "pk": 24, "fields": {"name": "Can view user", "content_type": 6, "codename": "view_user"}}, {"model": "auth.permission", "pk": 25, "fields": {"name": "Can add candidate", "content_type": 7, "codename": "add_candidate"}}, {"model": "auth.permission", "pk": 26, "fields": {"name": "Can change candidate", "content_type": 7, "codename": "change_candidate"}}, {"model": "auth.permission", "pk": 27, "fields": {"name": "Can delete candidate", "content_type": 7, "codename": "delete_candidate"}}, {"model": "auth.permission", "pk": 28, "fields": {"name": "Can view candidate", "content_type": 7, "codename": "view_candidate"}}, {"model": "auth.permission", "pk": 29, "fields": {"name": "Can add job", "content_type": 8, "codename": "add_job"}}, {"model": "auth.permission", "pk": 30, "fields": {"name": "Can change job", "content_type": 8, "codename": "change_job"}}, {"model": "auth.permission", "pk": 31, "fields": {"name": "Can delete job", "content_type": 8, "codename": "delete_job"}}, {"model": "auth.permission", "pk": 32, "fields": {"name": "Can view job", "content_type": 8, "codename": "view_job"}}, {"model": "auth.permission", "pk": 33, "fields": {"name": "Can add company", "content_type": 9, "codename": "add_company"}}, {"model": "auth.permission", "pk": 34, "fields": {"name": "Can change company", "content_type": 9, "codename": "change_company"}}, {"model": "auth.permission", "pk": 35, "fields": {"name": "Can delete company", "content_type": 9, "codename": "delete_company"}}, {"model": "auth.permission", "pk": 36, "fields": {"name": "Can view company", "content_type": 9, "codename": "view_company"}}, {"model": "auth.permission", "pk": 37, "fields": {"name": "Can add جهة اتصال", "content_type": 10, "codename": "add_clientcontact"}}, {"model": "auth.permission", "pk": 38, "fields": {"name": "Can change جهة اتصال", "content_type": 10, "codename": "change_clientcontact"}}, {"model": "auth.permission", "pk": 39, "fields": {"name": "Can delete جهة اتصال", "content_type": 10, "codename": "delete_clientcontact"}}, {"model": "auth.permission", "pk": 40, "fields": {"name": "Can view جهة اتصال", "content_type": 10, "codename": "view_clientcontact"}}, {"model": "auth.permission", "pk": 41, "fields": {"name": "Can add عميل", "content_type": 11, "codename": "add_client"}}, {"model": "auth.permission", "pk": 42, "fields": {"name": "Can change عميل", "content_type": 11, "codename": "change_client"}}, {"model": "auth.permission", "pk": 43, "fields": {"name": "Can delete عميل", "content_type": 11, "codename": "delete_client"}}, {"model": "auth.permission", "pk": 44, "fields": {"name": "Can view عميل", "content_type": 11, "codename": "view_client"}}, {"model": "auth.permission", "pk": 45, "fields": {"name": "Can add مرحلة التوظيف", "content_type": 12, "codename": "add_pipelinestage"}}, {"model": "auth.permission", "pk": 46, "fields": {"name": "Can change مرحلة التوظيف", "content_type": 12, "codename": "change_pipelinestage"}}, {"model": "auth.permission", "pk": 47, "fields": {"name": "Can delete مرحلة التوظيف", "content_type": 12, "codename": "delete_pipelinestage"}}, {"model": "auth.permission", "pk": 48, "fields": {"name": "Can view مرحلة التوظيف", "content_type": 12, "codename": "view_pipelinestage"}}, {"model": "auth.permission", "pk": 49, "fields": {"name": "Can add تطبيق وظيفة", "content_type": 13, "codename": "add_application"}}, {"model": "auth.permission", "pk": 50, "fields": {"name": "Can change تطبيق وظيفة", "content_type": 13, "codename": "change_application"}}, {"model": "auth.permission", "pk": 51, "fields": {"name": "Can delete تطبيق وظيفة", "content_type": 13, "codename": "delete_application"}}, {"model": "auth.permission", "pk": 52, "fields": {"name": "Can view تطبيق وظيفة", "content_type": 13, "codename": "view_application"}}, {"model": "auth.permission", "pk": 53, "fields": {"name": "Can add site", "content_type": 14, "codename": "add_site"}}, {"model": "auth.permission", "pk": 54, "fields": {"name": "Can change site", "content_type": 14, "codename": "change_site"}}, {"model": "auth.permission", "pk": 55, "fields": {"name": "Can delete site", "content_type": 14, "codename": "delete_site"}}, {"model": "auth.permission", "pk": 56, "fields": {"name": "Can view site", "content_type": 14, "codename": "view_site"}}, {"model": "auth.permission", "pk": 57, "fields": {"name": "Can add email address", "content_type": 15, "codename": "add_emailaddress"}}, {"model": "auth.permission", "pk": 58, "fields": {"name": "Can change email address", "content_type": 15, "codename": "change_emailaddress"}}, {"model": "auth.permission", "pk": 59, "fields": {"name": "Can delete email address", "content_type": 15, "codename": "delete_emailaddress"}}, {"model": "auth.permission", "pk": 60, "fields": {"name": "Can view email address", "content_type": 15, "codename": "view_emailaddress"}}, {"model": "auth.permission", "pk": 61, "fields": {"name": "Can add email confirmation", "content_type": 16, "codename": "add_emailconfirmation"}}, {"model": "auth.permission", "pk": 62, "fields": {"name": "Can change email confirmation", "content_type": 16, "codename": "change_emailconfirmation"}}, {"model": "auth.permission", "pk": 63, "fields": {"name": "Can delete email confirmation", "content_type": 16, "codename": "delete_emailconfirmation"}}, {"model": "auth.permission", "pk": 64, "fields": {"name": "Can view email confirmation", "content_type": 16, "codename": "view_emailconfirmation"}}, {"model": "auth.permission", "pk": 65, "fields": {"name": "Can add social account", "content_type": 17, "codename": "add_socialaccount"}}, {"model": "auth.permission", "pk": 66, "fields": {"name": "Can change social account", "content_type": 17, "codename": "change_socialaccount"}}, {"model": "auth.permission", "pk": 67, "fields": {"name": "Can delete social account", "content_type": 17, "codename": "delete_socialaccount"}}, {"model": "auth.permission", "pk": 68, "fields": {"name": "Can view social account", "content_type": 17, "codename": "view_socialaccount"}}, {"model": "auth.permission", "pk": 69, "fields": {"name": "Can add social application", "content_type": 18, "codename": "add_socialapp"}}, {"model": "auth.permission", "pk": 70, "fields": {"name": "Can change social application", "content_type": 18, "codename": "change_socialapp"}}, {"model": "auth.permission", "pk": 71, "fields": {"name": "Can delete social application", "content_type": 18, "codename": "delete_socialapp"}}, {"model": "auth.permission", "pk": 72, "fields": {"name": "Can view social application", "content_type": 18, "codename": "view_socialapp"}}, {"model": "auth.permission", "pk": 73, "fields": {"name": "Can add social application token", "content_type": 19, "codename": "add_socialtoken"}}, {"model": "auth.permission", "pk": 74, "fields": {"name": "Can change social application token", "content_type": 19, "codename": "change_socialtoken"}}, {"model": "auth.permission", "pk": 75, "fields": {"name": "Can delete social application token", "content_type": 19, "codename": "delete_socialtoken"}}, {"model": "auth.permission", "pk": 76, "fields": {"name": "Can view social application token", "content_type": 19, "codename": "view_socialtoken"}}, {"model": "auth.permission", "pk": 77, "fields": {"name": "Can add activity log", "content_type": 20, "codename": "add_activitylog"}}, {"model": "auth.permission", "pk": 78, "fields": {"name": "Can change activity log", "content_type": 20, "codename": "change_activitylog"}}, {"model": "auth.permission", "pk": 79, "fields": {"name": "Can delete activity log", "content_type": 20, "codename": "delete_activitylog"}}, {"model": "auth.permission", "pk": 80, "fields": {"name": "Can view activity log", "content_type": 20, "codename": "view_activitylog"}}, {"model": "auth.permission", "pk": 81, "fields": {"name": "Can add application comment", "content_type": 21, "codename": "add_applicationcomment"}}, {"model": "auth.permission", "pk": 82, "fields": {"name": "Can change application comment", "content_type": 21, "codename": "change_applicationcomment"}}, {"model": "auth.permission", "pk": 83, "fields": {"name": "Can delete application comment", "content_type": 21, "codename": "delete_applicationcomment"}}, {"model": "auth.permission", "pk": 84, "fields": {"name": "Can view application comment", "content_type": 21, "codename": "view_applicationcomment"}}, {"model": "auth.permission", "pk": 85, "fields": {"name": "Can add application rating", "content_type": 22, "codename": "add_applicationrating"}}, {"model": "auth.permission", "pk": 86, "fields": {"name": "Can change application rating", "content_type": 22, "codename": "change_applicationrating"}}, {"model": "auth.permission", "pk": 87, "fields": {"name": "Can delete application rating", "content_type": 22, "codename": "delete_applicationrating"}}, {"model": "auth.permission", "pk": 88, "fields": {"name": "Can view application rating", "content_type": 22, "codename": "view_applicationrating"}}, {"model": "auth.permission", "pk": 89, "fields": {"name": "Can add candidate notification", "content_type": 23, "codename": "add_candidatenotification"}}, {"model": "auth.permission", "pk": 90, "fields": {"name": "Can change candidate notification", "content_type": 23, "codename": "change_candidatenotification"}}, {"model": "auth.permission", "pk": 91, "fields": {"name": "Can delete candidate notification", "content_type": 23, "codename": "delete_candidatenotification"}}, {"model": "auth.permission", "pk": 92, "fields": {"name": "Can view candidate notification", "content_type": 23, "codename": "view_candidatenotification"}}, {"model": "auth.permission", "pk": 93, "fields": {"name": "Can add job custom field", "content_type": 24, "codename": "add_jobcustomfield"}}, {"model": "auth.permission", "pk": 94, "fields": {"name": "Can change job custom field", "content_type": 24, "codename": "change_jobcustomfield"}}, {"model": "auth.permission", "pk": 95, "fields": {"name": "Can delete job custom field", "content_type": 24, "codename": "delete_jobcustomfield"}}, {"model": "auth.permission", "pk": 96, "fields": {"name": "Can view job custom field", "content_type": 24, "codename": "view_jobcustomfield"}}, {"model": "auth.permission", "pk": 97, "fields": {"name": "Can add application answer", "content_type": 25, "codename": "add_applicationanswer"}}, {"model": "auth.permission", "pk": 98, "fields": {"name": "Can change application answer", "content_type": 25, "codename": "change_applicationanswer"}}, {"model": "auth.permission", "pk": 99, "fields": {"name": "Can delete application answer", "content_type": 25, "codename": "delete_applicationanswer"}}, {"model": "auth.permission", "pk": 100, "fields": {"name": "Can view application answer", "content_type": 25, "codename": "view_applicationanswer"}}, {"model": "contenttypes.contenttype", "pk": 1, "fields": {"app_label": "admin", "model": "logentry"}}, {"model": "contenttypes.contenttype", "pk": 2, "fields": {"app_label": "auth", "model": "permission"}}, {"model": "contenttypes.contenttype", "pk": 3, "fields": {"app_label": "auth", "model": "group"}}, {"model": "contenttypes.contenttype", "pk": 4, "fields": {"app_label": "contenttypes", "model": "contenttype"}}, {"model": "contenttypes.contenttype", "pk": 5, "fields": {"app_label": "sessions", "model": "session"}}, {"model": "contenttypes.contenttype", "pk": 6, "fields": {"app_label": "accounts", "model": "user"}}, {"model": "contenttypes.contenttype", "pk": 7, "fields": {"app_label": "candidates", "model": "candidate"}}, {"model": "contenttypes.contenttype", "pk": 8, "fields": {"app_label": "jobs", "model": "job"}}, {"model": "contenttypes.contenttype", "pk": 9, "fields": {"app_label": "accounts", "model": "company"}}, {"model": "contenttypes.contenttype", "pk": 10, "fields": {"app_label": "clients", "model": "clientcontact"}}, {"model": "contenttypes.contenttype", "pk": 11, "fields": {"app_label": "clients", "model": "client"}}, {"model": "contenttypes.contenttype", "pk": 12, "fields": {"app_label": "pipeline", "model": "pipelinestage"}}, {"model": "contenttypes.contenttype", "pk": 13, "fields": {"app_label": "pipeline", "model": "application"}}, {"model": "contenttypes.contenttype", "pk": 14, "fields": {"app_label": "sites", "model": "site"}}, {"model": "contenttypes.contenttype", "pk": 15, "fields": {"app_label": "account", "model": "emailaddress"}}, {"model": "contenttypes.contenttype", "pk": 16, "fields": {"app_label": "account", "model": "emailconfirmation"}}, {"model": "contenttypes.contenttype", "pk": 17, "fields": {"app_label": "socialaccount", "model": "socialaccount"}}, {"model": "contenttypes.contenttype", "pk": 18, "fields": {"app_label": "socialaccount", "model": "socialapp"}}, {"model": "contenttypes.contenttype", "pk": 19, "fields": {"app_label": "socialaccount", "model": "socialtoken"}}, {"model": "contenttypes.contenttype", "pk": 20, "fields": {"app_label": "activities", "model": "activitylog"}}, {"model": "contenttypes.contenttype", "pk": 21, "fields": {"app_label": "pipeline", "model": "applicationcomment"}}, {"model": "contenttypes.contenttype", "pk": 22, "fields": {"app_label": "pipeline", "model": "applicationrating"}}, {"model": "contenttypes.contenttype", "pk": 23, "fields": {"app_label": "candidates", "model": "candidatenotification"}}, {"model": "contenttypes.contenttype", "pk": 24, "fields": {"app_label": "jobs", "model": "jobcustomfield"}}, {"model": "contenttypes.contenttype", "pk": 25, "fields": {"app_label": "pipeline", "model": "applicationanswer"}}, {"model": "sessions.session", "pk": "16zkaz1u321sbuf4ggxz1of7r48zip2u", "fields": {"session_data": "e30:1wA5dt:AqduCgMmoyER_zbvXWOaj2u6Vs3CkUREBKC_u-WfEA8", "expire_date": "2026-04-21T12:34:53.388Z"}}, {"model": "sessions.session", "pk": "1n86kalk22pg2s3v3tkk5zyyj1qit9be", "fields": {"session_data": "e30:1w90SU:8pvDsbbFo8Cfr5AtFvs-b9QXPfcLY9-92HHAx6SUhM0", "expire_date": "2026-04-18T12:50:38.450Z"}}, {"model": "sessions.session", "pk": "91pvwv30d4hu3iu64ehmao8xljt3zjl2", "fields": {"session_data": ".eJxVjDkOwjAUBe_iGllx8HccSvqcIfqbcQDZUpYKcXeIlAKaV7wZzcuMuK153Badx0nMxXTm9PsR8kPLDuSO5VYt17LOE9ldsQdd7FBFn9fD_QtkXPKePYsHYCQSDNq34FsnwkwNdBIaclE1JkRVcZ77CJQoICTg70Z15v0BFFY5Uw:1wD0Kt:oNnxa6om0xDET1ZpqYVmn681uhabtd-F9abUGVIwk3k", "expire_date": "2026-04-29T13:31:19.538Z"}}, {"model": "sessions.session", "pk": "9mv6nk7eyg2x9iy7bkm2y2gtsripuco7", "fields": {"session_data": ".eJxVjDkOwjAQAP_iGlm-D0p63mDt-sABZEtxUiH-DpZSQDszmhcJsG817COvYUnkTDgjp1-IEB-5TZPu0G6dxt62dUE6E3rYQa895eflaP8GFUadX2M9qghcMWEAtdWWWS9FtFFIVxS6kr8gW50cc8ABiubGqOI9ci6BvD_ixzdJ:1wDLGM:DoPFYeL4vL7QQYeA5bcFMK6hMehpN2jPA8EAuykdoj0", "expire_date": "2026-04-30T11:52:02.796Z"}}, {"model": "sessions.session", "pk": "aa2imu7o8dxusr05alu2bn0bwiih4nj1", "fields": {"session_data": ".eJxVjMsOwiAURP-FtSEoj4o7-yPNfRGIDU2Eroz_bmu60OWcMzMvNcHa87Q2eU6F1U15dfplCPSQuguY5x1rIFrW2vW3c-im71uS2gtBL0sdj9XfVYaWtx82PiLYFIeBkiHLaMiTuBgYwXthE8yFRQzy1nNobbBwdumKHl1wot4f51o9WQ:1wDKaC:NUvB-Z0DjFclgNTZPCzWZUKqzxDUoAqze7shtC2i-Gs", "expire_date": "2026-04-30T11:08:28.473Z"}}, {"model": "sessions.session", "pk": "ala9e2fcg0nzqvgmj00xzvdxmj2px7z1", "fields": {"session_data": "e30:1wA5fB:NaDNVhlH1uRxOnaN_RWq_Lduc5rofZ-MhckYMtOCZKo", "expire_date": "2026-04-21T12:36:13.377Z"}}, {"model": "sessions.session", "pk": "kagj1lajh0du10pvh9c60sbr6ivvnj8f", "fields": {"session_data": ".eJxVjDkOwjAUBe_iGllx8HccSvqcIfqbcQDZUpYKcXeIlAKaV7wZzcuMuK153Badx0nMxXTm9PsR8kPLDuSO5VYt17LOE9ldsQdd7FBFn9fD_QtkXPKePYsHYCQSDNq34FsnwkwNdBIaclE1JkRVcZ77CJQoICTg70Z15v0BFFY5Uw:1wAlOi:-pONLg2j6Yza46mu4mwKcDEZxP6KFZXfRfmECmRBjXs", "expire_date": "2026-04-23T09:10:00.880Z"}}, {"model": "sessions.session", "pk": "mqb5nacslqglu9mrax2ymb0sp5l5yazo", "fields": {"session_data": ".eJxVjDsOwjAQRO_iGll4119Kes5grX84gGwpTirE3UmkFDDlvDfzZp7Wpfp15NlPiV2Y0Oz0WwaKz9x2kh7U7p3H3pZ5CnxX-EEHv_WUX9fD_TuoNOq2BkBRorAxU9K6bMHskM7gHCUZlJKC0FowJgOhThJUKE7JCEaixcg-XxTMN-A:1wFUib:S64a_qV9x6ccSuvm6M-bT9rUPFRWorFUkwYdVy9PYd4", "expire_date": "2026-05-06T10:22:05.157Z"}}, {"model": "sessions.session", "pk": "o25iqsuvftddlmybztk13bi6xs0s10r0", "fields": {"session_data": ".eJxVjMsOwiAQRf-FtSE85DEu3fsNZBhAqgaS0q6M_26bdKHbc869bxZwXWpYR57DlNiFKXb6ZRHpmdsu0gPbvXPqbZmnyPeEH3bwW0_5dT3av4OKo25r6VyyyXohs9HRKyInIJ_BW9iQSFaQVFgsaanJmAgIShaQKLQp3hD7fAHCUTcT:1w90Wo:2ycjjWSqVlyr6cn1_a2wrOH2EbTzZ4xoUKSTgDsnV40", "expire_date": "2026-04-18T12:55:06.078Z"}}, {"model": "sessions.session", "pk": "xrkmukptly7w7qsxyyogmvwe5oj9qmze", "fields": {"session_data": ".eJxVjMsOwiAUBf-FtSHALSW4dO83ELgPqRqalHZl_Hdt0oVuz8ycl0p5W2vaOi9pInVWoE6_W8n44LYDuud2mzXObV2mondFH7Tr60z8vBzu30HNvX5rF7IHCX4EpGLEWAgULWQviChGkF2M6MPIQiZCGaw1XByE6CIBDer9AeyxOAI:1wA5iJ:rlgFjPzRW6UOOZ3khGxubqBRStVAvORnwUCPmJFqBC4", "expire_date": "2026-04-21T12:39:27.907Z"}}, {"model": "sessions.session", "pk": "yxjjcx5wjs29xid616o8unzvkanky31w", "fields": {"session_data": ".eJxVjDkOwjAUBe_iGllx8HccSvqcIfqbcQDZUpYKcXeIlAKaV7wZzcuMuK153Badx0nMxXTm9PsR8kPLDuSO5VYt17LOE9ldsQdd7FBFn9fD_QtkXPKePYsHYCQSDNq34FsnwkwNdBIaclE1JkRVcZ77CJQoICTg70Z15v0BFFY5Uw:1wApxI:GycNgWqzouTUX8bxPlistacre0-pD7pWvYxE42rUkQY", "expire_date": "2026-04-23T14:02:00.530Z"}}, {"model": "accounts.user", "pk": 1, "fields": {"password": "pbkdf2_sha256$720000$qb5tWF5NFxF6OqEbgzBbu7$C7XE8H5KSpsQyuFp+M1ly6T7dTsOPcEYD5hhhyTgqZI=", "last_login": "2026-04-04T12:50:38.453Z", "is_superuser": false, "username": "Alaa", "first_name": "", "last_name": "", "email": "alaa.s@ahtarafion.com", "is_staff": false, "is_active": true, "date_joined": "2026-04-04T12:50:38.202Z", "role": "company_owner", "company": null, "is_owner": true, "team_role": null, "is_verified": true, "avatar": "", "bio": "", "phone": "", "location": "", "position": "", "groups": [], "user_permissions": []}}, {"model": "accounts.user", "pk": 2, "fields": {"password": "pbkdf2_sha256$720000$bmRKpxazBNtnsfrFf1chLZ$H9E0b5eCLLzbrtLLSCQc+8lD2dKjOzVTmjh27NvtIz8=", "last_login": "2026-04-04T12:55:06.075Z", "is_superuser": false, "username": "Alaa.sa", "first_name": "", "last_name": "", "email": "alaa.s@ahtarafion.com", "is_staff": false, "is_active": true, "date_joined": "2026-04-04T12:55:05.835Z", "role": "company_owner", "company": null, "is_owner": true, "team_role": null, "is_verified": true, "avatar": "", "bio": "", "phone": "", "location": "", "position": "", "groups": [], "user_permissions": []}}, {"model": "accounts.user", "pk": 3, "fields": {"password": "pbkdf2_sha256$720000$mTeTXx2nmqlSloY0GTjEv3$WATBj2+j4TZalsamOjZj7mczoTnT+jZy/Xd/q6RZAvg=", "last_login": "2026-04-14T12:41:26.371Z", "is_superuser": true, "username": "alaa", "first_name": "", "last_name": "", "email": "alaasaleem524@gmail.com", "is_staff": true, "is_active": true, "date_joined": "2026-04-06T12:43:29.511Z", "role": "", "company": null, "is_owner": false, "team_role": null, "is_verified": true, "avatar": "", "bio": "", "phone": "", "location": "", "position": "", "groups": [], "user_permissions": []}}, {"model": "accounts.user", "pk": 4, "fields": {"password": "!XRlQhG8UrPtq1DDdc1Per11andjzYCYpZgDLKv8z", "last_login": "2026-04-06T13:13:58.827Z", "is_superuser": false, "username": "as", "first_name": "As", "last_name": "M", "email": "", "is_staff": false, "is_active": true, "date_joined": "2026-04-06T13:13:58.807Z", "role": "", "company": null, "is_owner": false, "team_role": null, "is_verified": true, "avatar": "", "bio": "", "phone": "", "location": "", "position": "", "groups": [], "user_permissions": []}}, {"model": "accounts.user", "pk": 5, "fields": {"password": "pbkdf2_sha256$720000$WAXpIIGVnpCM4BIGWV7ary$KA9tix46+KAw8GBLd9D7r6ZHevR3ZufzISL2ApetF2M=", "last_login": "2026-04-18T12:03:20.817Z", "is_superuser": false, "username": "Company1", "first_name": "Alaa", "last_name": "AbuSalim", "email": "company1@gmail.com", "is_staff": false, "is_active": true, "date_joined": "2026-04-07T12:34:53.094Z", "role": "company_owner", "company": 1, "is_owner": true, "team_role": null, "is_verified": true, "avatar": "avatars/Untitled-1_2.png", "bio": "test", "phone": "0592870744", "location": "Gaza", "position": "", "groups": [], "user_permissions": []}}, {"model": "accounts.user", "pk": 6, "fields": {"password": "pbkdf2_sha256$720000$VFdRa59KK96XngcXpnmHXE$Px9IgZN1v/nCUF/Y0WMI/shLezetav/ix9eKc4e7GZE=", "last_login": "2026-04-07T12:38:54.662Z", "is_superuser": false, "username": "user1", "first_name": "", "last_name": "", "email": "user1@gmail.com", "is_staff": false, "is_active": true, "date_joined": "2026-04-07T12:36:12.998Z", "role": "candidate", "company": null, "is_owner": false, "team_role": null, "is_verified": true, "avatar": "", "bio": "", "phone": "", "location": "", "position": "", "groups": [], "user_permissions": []}}, {"model": "accounts.user", "pk": 7, "fields": {"password": "pbkdf2_sha256$720000$iWV3VQlZB7sG1Kvnco0FBf$r6+P/p9JklUIbUtAoneW1TAcfX7UwvELn45nX+a39io=", "last_login": "2026-04-15T13:31:19.535Z", "is_superuser": false, "username": "c_user1", "first_name": "", "last_name": "", "email": "c_user1@gmail.com", "is_staff": false, "is_active": true, "date_joined": "2026-04-09T09:05:37.564Z", "role": "team_member", "company": 1, "is_owner": false, "team_role": "reviewer", "is_verified": true, "avatar": "", "bio": "", "phone": "", "location": "", "position": "", "groups": [], "user_permissions": []}}, {"model": "accounts.user", "pk": 8, "fields": {"password": "pbkdf2_sha256$720000$BzyioG52QioE4oQ8bt0st5$j7ukAc8xppwjeaLZWuKp+8BBASLKSCy99iRgdOBFFuY=", "last_login": "2026-04-17T07:05:00.147Z", "is_superuser": false, "username": "company2", "first_name": "", "last_name": "", "email": "company2@gmail.com", "is_staff": false, "is_active": true, "date_joined": "2026-04-11T08:55:23.292Z", "role": "company_owner", "company": 2, "is_owner": true, "team_role": null, "is_verified": true, "avatar": "", "bio": "", "phone": "", "location": "", "position": "", "groups": [], "user_permissions": []}}, {"model": "accounts.user", "pk": 9, "fields": {"password": "pbkdf2_sha256$720000$VOqTQpv6BSTkZgMAREpdXz$z++h4mstWGxWNa2QDF5kmNDgeVB2jSRKToYI+3EAZWY=", "last_login": null, "is_superuser": false, "username": "c_user2", "first_name": "", "last_name": "", "email": "c_user2@gmail.com", "is_staff": false, "is_active": true, "date_joined": "2026-04-11T08:55:56.641Z", "role": "team_member", "company": 2, "is_owner": false, "team_role": null, "is_verified": true, "avatar": "", "bio": "", "phone": "", "location": "", "position": "", "groups": [], "user_permissions": []}}, {"model": "accounts.user", "pk": 10, "fields": {"password": "pbkdf2_sha256$720000$iMIo04pHE7e7pkm31YLdwV$XSduT04LLg0qGNylndCTUYNPZvMPVW9m80PUfTOU9jY=", "last_login": "2026-04-17T09:27:21.167Z", "is_superuser": false, "username": "emp1", "first_name": "", "last_name": "", "email": "emp@gmail.com", "is_staff": false, "is_active": true, "date_joined": "2026-04-15T13:22:54.741Z", "role": "candidate", "company": null, "is_owner": false, "team_role": null, "is_verified": true, "avatar": "avatars/Untitled-1.png", "bio": "", "phone": "", "location": "", "position": "", "groups": [], "user_permissions": []}}, {"model": "accounts.user", "pk": 11, "fields": {"password": "pbkdf2_sha256$720000$obJ0U0E9yMgt2wi8ESvjXD$W81NTl8ZrU3YXuUc6wF2+fahskVqBoYkvZ5XUSfilTU=", "last_login": "2026-04-16T11:51:32.303Z", "is_superuser": false, "username": "emp2", "first_name": "", "last_name": "", "email": "emp1@gmail.com", "is_staff": false, "is_active": true, "date_joined": "2026-04-16T11:51:32.082Z", "role": "candidate", "company": null, "is_owner": false, "team_role": null, "is_verified": true, "avatar": "", "bio": "", "phone": "", "location": "", "position": "", "groups": [], "user_permissions": []}}, {"model": "accounts.user", "pk": 12, "fields": {"password": "pbkdf2_sha256$720000$q9afGtLyWOahMXo9H7elfy$JmEXA2Ki456ZHUYI0K/m1CfEByMnD/XJzuwscgy3BrA=", "last_login": "2026-04-17T06:50:12.165Z", "is_superuser": false, "username": "foad", "first_name": "", "last_name": "", "email": "alaasaleem524@gmail.com", "is_staff": false, "is_active": true, "date_joined": "2026-04-17T06:50:11.939Z", "role": "candidate", "company": null, "is_owner": false, "team_role": null, "is_verified": true, "avatar": "", "bio": "", "phone": "", "location": "", "position": "", "groups": [], "user_permissions": []}}, {"model": "accounts.user", "pk": 13, "fields": {"password": "pbkdf2_sha256$720000$XxJdfHoNwTkR4aq23nqlUP$isMLeSeg3kWrxzVfCT+SWoRPaO3AeB88NyNCW5p6cuE=", "last_login": "2026-04-17T07:32:19.025Z", "is_superuser": false, "username": "BITX", "first_name": "", "last_name": "", "email": "asm654436@gmail.com", "is_staff": false, "is_active": true, "date_joined": "2026-04-17T07:30:48.979Z", "role": "company_owner", "company": 3, "is_owner": true, "team_role": null, "is_verified": true, "avatar": "", "bio": "", "phone": "", "location": "", "position": "", "groups": [], "user_permissions": []}}, {"model": "accounts.user", "pk": 14, "fields": {"password": "pbkdf2_sha256$720000$aQU3uICg8RfKkchEVIrw1p$LdaSan0TNjaP2ZcBLty4Vz75wQ0JxAV1xxiiAEf+BcI=", "last_login": null, "is_superuser": false, "username": "alaa.company", "first_name": "", "last_name": "", "email": "alaa.r.saleem@gmail.com", "is_staff": false, "is_active": true, "date_joined": "2026-04-17T07:39:40.804Z", "role": "company_owner", "company": 4, "is_owner": true, "team_role": null, "is_verified": true, "avatar": "", "bio": "", "phone": "", "location": "", "position": "", "groups": [], "user_permissions": []}}, {"model": "accounts.user", "pk": 15, "fields": {"password": "pbkdf2_sha256$720000$vhsCsQorVd0wnWZuU6hpF4$yyVj9hRMddcm8gxPvXYOmyBpLDmjJaS6Iv1cz+F608w=", "last_login": null, "is_superuser": false, "username": "alaa.company1", "first_name": "", "last_name": "", "email": "mahmoudallaahmad@gmail.com", "is_staff": false, "is_active": true, "date_joined": "2026-04-17T07:42:57.006Z", "role": "company_owner", "company": 5, "is_owner": true, "team_role": null, "is_verified": true, "avatar": "", "bio": "", "phone": "", "location": "", "position": "", "groups": [], "user_permissions": []}}, {"model": "accounts.user", "pk": 16, "fields": {"password": "pbkdf2_sha256$720000$8GWi19CTNmedxeeb3UaPOb$gCfBQSZRrXYjem0aMnzTBqMUI0dFsUv9YWbAfm5mBGM=", "last_login": "2026-04-22T10:22:05.151Z", "is_superuser": true, "username": "alaa.saleem", "first_name": "", "last_name": "", "email": "Alaa.S@ahtarafion.com", "is_staff": true, "is_active": true, "date_joined": "2026-04-17T07:48:02.425Z", "role": "candidate", "company": null, "is_owner": false, "team_role": null, "is_verified": true, "avatar": "", "bio": "", "phone": "", "location": "", "position": "", "groups": [], "user_permissions": []}}, {"model": "accounts.company", "pk": 1, "fields": {"owner": 5, "company_name": "Company1", "logo": "company_logos/Untitled-1_2.png", "description": "test", "industry": "it", "location": "Gaza", "website": "https://ahtarafion.com/", "phone": "059-287-0744", "company_size": "1-10", "slug": "company1-company", "is_deleted": false, "deleted_at": null}}, {"model": "accounts.company", "pk": 2, "fields": {"owner": 8, "company_name": "company2 Company", "logo": "", "description": "", "industry": "", "location": "", "website": null, "phone": "", "company_size": "", "slug": "company2-company", "is_deleted": false, "deleted_at": null}}, {"model": "accounts.company", "pk": 3, "fields": {"owner": 13, "company_name": "BITX Company", "logo": "", "description": "", "industry": "", "location": "", "website": null, "phone": "", "company_size": "", "slug": "bitx-company", "is_deleted": false, "deleted_at": null}}, {"model": "accounts.company", "pk": 4, "fields": {"owner": 14, "company_name": "alaa.company Company", "logo": "", "description": "", "industry": "", "location": "", "website": null, "phone": "", "company_size": "", "slug": "alaacompany-company", "is_deleted": false, "deleted_at": null}}, {"model": "accounts.company", "pk": 5, "fields": {"owner": 15, "company_name": "alaa.company1 Company", "logo": "", "description": "", "industry": "", "location": "", "website": null, "phone": "", "company_size": "", "slug": "alaacompany1-company", "is_deleted": false, "deleted_at": null}}, {"model": "candidates.candidate", "pk": 1, "fields": {"user_account": 10, "full_name": "emp", "phone": "0592870744", "email": "emp1@gmail.com", "current_title": "it officer", "years_of_experience": 12, "expected_salary": "", "availability": "", "skills": "", "bio": "", "linkedin_url": "", "github_url": "", "portfolio_url": "", "location": "remote", "cv_file": "cvs/Wesam_1_1_WsSoSG1.pdf", "notes": "Applied for: 2", "owner": 5, "company": 1, "created_at": "2026-04-09T09:09:40.092Z", "updated_at": "2026-04-16T11:53:16.584Z", "is_deleted": false, "deleted_at": null}}, {"model": "candidates.candidate", "pk": 2, "fields": {"user_account": null, "full_name": "mo", "phone": "0598870744", "email": "alaasaleem524@gmail.com", "current_title": "it officer", "years_of_experience": 2, "expected_salary": "", "availability": "", "skills": "", "bio": "", "linkedin_url": "", "github_url": "", "portfolio_url": "", "location": "remote", "cv_file": "cvs/Dropdown.png", "notes": "aws\n\nApplied for: test1", "owner": 5, "company": 1, "created_at": "2026-04-14T13:58:09.174Z", "updated_at": "2026-04-14T13:58:09.174Z", "is_deleted": false, "deleted_at": null}}, {"model": "candidates.candidate", "pk": 3, "fields": {"user_account": null, "full_name": "Alaa Abu Saleem", "phone": "0522870744", "email": "alaasaleem524@gmail.com", "current_title": "it officer", "years_of_experience": 1, "expected_salary": "", "availability": "", "skills": "", "bio": "", "linkedin_url": "", "github_url": "", "portfolio_url": "", "location": "remote", "cv_file": "cvs/Wesam_1_1.pdf", "notes": "Applied for: it manager", "owner": 5, "company": 1, "created_at": "2026-04-15T12:43:11.423Z", "updated_at": "2026-04-15T12:43:11.423Z", "is_deleted": false, "deleted_at": null}}, {"model": "candidates.candidate", "pk": 4, "fields": {"user_account": 10, "full_name": "emp", "phone": "0592870744", "email": "emp1@gmail.com", "current_title": "it officer", "years_of_experience": 12, "expected_salary": "", "availability": "", "skills": "", "bio": "", "linkedin_url": "", "github_url": "", "portfolio_url": "", "location": "remote", "cv_file": "cvs/Wesam_1_1_WsSoSG1.pdf", "notes": "Applied for: graphic", "owner": 8, "company": 2, "created_at": "2026-04-15T13:17:54.648Z", "updated_at": "2026-04-15T14:13:10.448Z", "is_deleted": false, "deleted_at": null}}, {"model": "candidates.candidate", "pk": 5, "fields": {"user_account": null, "full_name": "ChatGPT", "phone": "0565373066", "email": "mahmoudallaahmad@gmail.com", "current_title": "it officer", "years_of_experience": 12, "expected_salary": "", "availability": "", "skills": "", "bio": "", "linkedin_url": "", "github_url": "", "portfolio_url": "", "location": "Gaza", "cv_file": "cvs/CV-Mahmoud_Alzuraiei-EN-CSE-2025.pdf", "notes": "Applied for: HR Manager", "owner": 5, "company": 1, "created_at": "2026-04-17T06:35:24.266Z", "updated_at": "2026-04-17T06:35:24.266Z", "is_deleted": false, "deleted_at": null}}, {"model": "candidates.candidate", "pk": 6, "fields": {"user_account": 12, "full_name": "foad", "phone": "+985200025", "email": "alaasaleem524@gmail.com", "current_title": "nurse", "years_of_experience": 15, "expected_salary": "", "availability": "", "skills": "", "bio": "", "linkedin_url": "", "github_url": "", "portfolio_url": "", "location": "Gaza", "cv_file": "cvs/foad_abo_Saleem_CV.pdf", "notes": "", "owner": 12, "company": null, "created_at": "2026-04-17T06:50:12.160Z", "updated_at": "2026-04-17T06:50:12.160Z", "is_deleted": false, "deleted_at": null}}, {"model": "candidates.candidate", "pk": 7, "fields": {"user_account": 12, "full_name": "foad", "phone": "+985200025", "email": "alaasaleem524@gmail.com", "current_title": "nurse", "years_of_experience": 15, "expected_salary": "", "availability": "", "skills": "", "bio": "", "linkedin_url": "", "github_url": "", "portfolio_url": "", "location": "Gaza", "cv_file": "cvs/foad_abo_Saleem_CV.pdf", "notes": "", "owner": 5, "company": 1, "created_at": "2026-04-17T06:50:58.835Z", "updated_at": "2026-04-17T06:50:58.835Z", "is_deleted": false, "deleted_at": null}}, {"model": "candidates.candidate", "pk": 8, "fields": {"user_account": null, "full_name": "guest", "phone": "0114603033", "email": "info@bits.sa", "current_title": "it officer", "years_of_experience": 2, "expected_salary": "", "availability": "", "skills": "", "bio": "", "linkedin_url": "", "github_url": "", "portfolio_url": "", "location": "02", "cv_file": "cvs/logo.ai", "notes": "Applied for: graphic", "owner": 8, "company": 2, "created_at": "2026-04-17T07:04:42.608Z", "updated_at": "2026-04-17T07:04:42.608Z", "is_deleted": false, "deleted_at": null}}, {"model": "candidates.candidate", "pk": 9, "fields": {"user_account": null, "full_name": "info", "phone": "0114603033", "email": "info@bits.sa", "current_title": "", "years_of_experience": null, "expected_salary": "", "availability": "", "skills": "", "bio": "", "linkedin_url": "", "github_url": "", "portfolio_url": "", "location": "", "cv_file": "cvs/Ref-aldirawi.pdf", "notes": "Applied for: HR Manager", "owner": 5, "company": 1, "created_at": "2026-04-17T07:12:49.032Z", "updated_at": "2026-04-17T07:12:49.032Z", "is_deleted": false, "deleted_at": null}}, {"model": "candidates.candidatenotification", "pk": 1, "fields": {"user": 10, "title": "تحديث لحالة طلبك: graphic", "message": "تم تغيير حالة طلب التوظيف الخاص بك إلى: Shortlisted", "notification_type": "status_change", "is_read": true, "created_at": "2026-04-16T10:53:39.078Z", "application": 6}}, {"model": "candidates.candidatenotification", "pk": 2, "fields": {"user": 10, "title": "تحديث لحالة طلبك: graphic", "message": "تم تغيير حالة طلب التوظيف الخاص بك إلى: Applied", "notification_type": "status_change", "is_read": true, "created_at": "2026-04-16T10:53:47.353Z", "application": 6}}, {"model": "candidates.candidatenotification", "pk": 3, "fields": {"user": 10, "title": "تحديث لحالة طلبك: graphic", "message": "تم تغيير حالة طلب التوظيف الخاص بك إلى: Shortlisted", "notification_type": "status_change", "is_read": true, "created_at": "2026-04-16T10:53:56.789Z", "application": 6}}, {"model": "candidates.candidatenotification", "pk": 4, "fields": {"user": 10, "title": "تحديث لحالة طلبك: graphic", "message": "تم تغيير حالة طلب التوظيف الخاص بك إلى: Interviewing", "notification_type": "interview", "is_read": true, "created_at": "2026-04-16T10:53:58.965Z", "application": 6}}, {"model": "candidates.candidatenotification", "pk": 5, "fields": {"user": 10, "title": "تحديث لحالة طلبك: graphic", "message": "تم تغيير حالة طلب التوظيف الخاص بك إلى: Offered", "notification_type": "status_change", "is_read": true, "created_at": "2026-04-16T10:54:04.660Z", "application": 6}}, {"model": "candidates.candidatenotification", "pk": 6, "fields": {"user": 10, "title": "تحديث لحالة طلبك: graphic", "message": "تم تغيير حالة طلب التوظيف الخاص بك إلى: Hired", "notification_type": "status_change", "is_read": true, "created_at": "2026-04-16T10:54:17.951Z", "application": 6}}, {"model": "candidates.candidatenotification", "pk": 7, "fields": {"user": 10, "title": "تحديث لحالة طلبك: graphic", "message": "تم تغيير حالة طلب التوظيف الخاص بك إلى: Rejected", "notification_type": "status_change", "is_read": true, "created_at": "2026-04-16T10:54:25.415Z", "application": 6}}, {"model": "candidates.candidatenotification", "pk": 8, "fields": {"user": 10, "title": "تحديث لحالة طلبك: 2", "message": "تم تغيير حالة طلب التوظيف الخاص بك إلى: Interviewing", "notification_type": "interview", "is_read": false, "created_at": "2026-04-16T11:09:19.525Z", "application": 5}}, {"model": "candidates.candidatenotification", "pk": 9, "fields": {"user": 10, "title": "تحديث لحالة طلبك: it manager", "message": "تم تغيير حالة طلب التوظيف الخاص بك إلى: Shortlisted", "notification_type": "status_change", "is_read": false, "created_at": "2026-04-16T11:09:45.780Z", "application": 7}}, {"model": "candidates.candidatenotification", "pk": 10, "fields": {"user": 10, "title": "تحديث لحالة طلبك: it manager", "message": "تم تغيير حالة طلب التوظيف الخاص بك إلى: Interviewing", "notification_type": "interview", "is_read": false, "created_at": "2026-04-16T11:36:54.758Z", "application": 7}}, {"model": "candidates.candidatenotification", "pk": 11, "fields": {"user": 10, "title": "تحديث لحالة طلبك: it manager", "message": "تم تغيير حالة طلب التوظيف الخاص بك إلى: Hired", "notification_type": "status_change", "is_read": false, "created_at": "2026-04-16T11:37:13.752Z", "application": 7}}, {"model": "candidates.candidatenotification", "pk": 12, "fields": {"user": 10, "title": "تحديث لحالة طلبك: it manager", "message": "تم تغيير حالة طلب التوظيف الخاص بك إلى: Offered", "notification_type": "status_change", "is_read": false, "created_at": "2026-04-16T11:37:18.588Z", "application": 7}}, {"model": "candidates.candidatenotification", "pk": 13, "fields": {"user": 10, "title": "تحديث لحالة طلبك: it manager", "message": "تم تغيير حالة طلب التوظيف الخاص بك إلى: Interviewing", "notification_type": "interview", "is_read": false, "created_at": "2026-04-16T11:37:35.542Z", "application": 7}}, {"model": "candidates.candidatenotification", "pk": 14, "fields": {"user": 10, "title": "تحديث لحالة طلبك: it manager", "message": "تم تغيير حالة طلب التوظيف الخاص بك إلى: Hired", "notification_type": "status_change", "is_read": false, "created_at": "2026-04-17T08:48:23.471Z", "application": 7}}, {"model": "jobs.job", "pk": 1, "fields": {"company": 1, "title": "it manager", "description": "test", "required_skills": "test", "location": "Gaza", "department": "", "job_type": "part_time", "salary": "2000.00", "application_deadline": "2027-12-02", "status": "open", "created_at": "2026-04-15T12:42:43.181Z", "updated_at": "2026-04-15T12:43:26.358Z", "is_deleted": false, "deleted_at": null}}, {"model": "jobs.job", "pk": 2, "fields": {"company": 1, "title": "2", "description": "test", "required_skills": "tses", "location": "test", "department": "2", "job_type": "part_time", "salary": "2000.00", "application_deadline": "2027-12-02", "status": "open", "created_at": "2026-04-15T12:48:28.778Z", "updated_at": "2026-04-15T12:53:35.876Z", "is_deleted": false, "deleted_at": null}}, {"model": "jobs.job", "pk": 3, "fields": {"company": 2, "title": "graphic", "description": "Test", "required_skills": "all of ai skills", "location": "USA", "department": "123", "job_type": "full_time", "salary": "8200.00", "application_deadline": "2026-10-05", "status": "open", "created_at": "2026-04-15T13:17:00.445Z", "updated_at": "2026-04-15T13:17:36.119Z", "is_deleted": false, "deleted_at": null}}, {"model": "jobs.job", "pk": 4, "fields": {"company": 1, "title": "HR Manager", "description": "test", "required_skills": "", "location": "Gaza", "department": "2", "job_type": "full_time", "salary": "1499.00", "application_deadline": null, "status": "open", "created_at": "2026-04-16T11:50:25.318Z", "updated_at": "2026-04-16T11:50:34.603Z", "is_deleted": false, "deleted_at": null}}, {"model": "jobs.jobcustomfield", "pk": 1, "fields": {"job": 4, "label": "نص قصير", "field_type": "text", "options": "", "is_required": true, "order": 0}}, {"model": "jobs.jobcustomfield", "pk": 2, "fields": {"job": 4, "label": "نص طويل", "field_type": "textarea", "options": "", "is_required": false, "order": 1}}, {"model": "jobs.jobcustomfield", "pk": 3, "fields": {"job": 4, "label": "صورة", "field_type": "select", "options": "1,2,4", "is_required": false, "order": 2}}, {"model": "jobs.jobcustomfield", "pk": 4, "fields": {"job": 4, "label": "نعم ولا", "field_type": "checkbox", "options": "", "is_required": true, "order": 3}}, {"model": "jobs.jobcustomfield", "pk": 5, "fields": {"job": 4, "label": "تاريخ", "field_type": "date", "options": "", "is_required": false, "order": 4}}, {"model": "jobs.jobcustomfield", "pk": 6, "fields": {"job": 4, "label": "رقم", "field_type": "number", "options": "", "is_required": false, "order": 5}}, {"model": "jobs.jobcustomfield", "pk": 7, "fields": {"job": 4, "label": "ملف", "field_type": "file_upload", "options": "", "is_required": true, "order": 6}}, {"model": "jobs.jobcustomfield", "pk": 8, "fields": {"job": 4, "label": "صورة", "field_type": "image_upload", "options": "", "is_required": true, "order": 7}}, {"model": "pipeline.pipelinestage", "pk": 1, "fields": {"name": "Applied", "order": 1, "color": "#6c757d"}}, {"model": "pipeline.pipelinestage", "pk": 2, "fields": {"name": "Shortlisted", "order": 2, "color": "#0dcaf0"}}, {"model": "pipeline.pipelinestage", "pk": 3, "fields": {"name": "Interviewing", "order": 3, "color": "#ffc107"}}, {"model": "pipeline.pipelinestage", "pk": 4, "fields": {"name": "Offered", "order": 4, "color": "#198754"}}, {"model": "pipeline.pipelinestage", "pk": 5, "fields": {"name": "Hired", "order": 5, "color": "#0d6efd"}}, {"model": "pipeline.pipelinestage", "pk": 6, "fields": {"name": "Rejected", "order": 6, "color": "#dc3545"}}, {"model": "pipeline.pipelinestage", "pk": 7, "fields": {"name": "Accepted", "order": 999, "color": "#198754"}}, {"model": "pipeline.application", "pk": 4, "fields": {"candidate": 3, "job": 1, "current_stage": 2, "source": "Public Page", "is_shortlisted": false, "last_activity_at": "2026-04-15T12:43:11.426Z", "created_at": "2026-04-15T12:43:11.427Z", "updated_at": "2026-04-16T11:37:36.957Z", "is_deleted": false, "deleted_at": null}}, {"model": "pipeline.application", "pk": 5, "fields": {"candidate": 1, "job": 2, "current_stage": 3, "source": "Public Page", "is_shortlisted": false, "last_activity_at": "2026-04-15T12:53:01.365Z", "created_at": "2026-04-15T12:53:01.365Z", "updated_at": "2026-04-16T11:09:19.517Z", "is_deleted": false, "deleted_at": null}}, {"model": "pipeline.application", "pk": 6, "fields": {"candidate": 4, "job": 3, "current_stage": 6, "source": "Public Page", "is_shortlisted": false, "last_activity_at": "2026-04-15T13:17:54.651Z", "created_at": "2026-04-15T13:17:54.651Z", "updated_at": "2026-04-16T10:54:25.405Z", "is_deleted": false, "deleted_at": null}}, {"model": "pipeline.application", "pk": 7, "fields": {"candidate": 1, "job": 1, "current_stage": 5, "source": "Easy Apply", "is_shortlisted": false, "last_activity_at": "2026-04-16T11:09:40.000Z", "created_at": "2026-04-16T11:09:40.000Z", "updated_at": "2026-04-17T08:48:23.464Z", "is_deleted": false, "deleted_at": null}}, {"model": "pipeline.application", "pk": 8, "fields": {"candidate": 1, "job": 4, "current_stage": 1, "source": "Easy Apply", "is_shortlisted": false, "last_activity_at": "2026-04-16T11:53:16.588Z", "created_at": "2026-04-16T11:53:16.588Z", "updated_at": "2026-04-16T11:53:16.588Z", "is_deleted": false, "deleted_at": null}}, {"model": "pipeline.application", "pk": 9, "fields": {"candidate": 5, "job": 4, "current_stage": 1, "source": "Public Page", "is_shortlisted": false, "last_activity_at": "2026-04-17T06:35:24.270Z", "created_at": "2026-04-17T06:35:24.270Z", "updated_at": "2026-04-17T06:35:24.270Z", "is_deleted": false, "deleted_at": null}}, {"model": "pipeline.application", "pk": 10, "fields": {"candidate": 7, "job": 4, "current_stage": 1, "source": "Easy Apply", "is_shortlisted": false, "last_activity_at": "2026-04-17T06:50:58.841Z", "created_at": "2026-04-17T06:50:58.841Z", "updated_at": "2026-04-17T06:50:58.841Z", "is_deleted": false, "deleted_at": null}}, {"model": "pipeline.application", "pk": 11, "fields": {"candidate": 8, "job": 3, "current_stage": 1, "source": "Public Page", "is_shortlisted": false, "last_activity_at": "2026-04-17T07:04:42.612Z", "created_at": "2026-04-17T07:04:42.612Z", "updated_at": "2026-04-17T07:04:42.612Z", "is_deleted": false, "deleted_at": null}}, {"model": "pipeline.application", "pk": 12, "fields": {"candidate": 9, "job": 4, "current_stage": 1, "source": "Public Page", "is_shortlisted": false, "last_activity_at": "2026-04-17T07:12:49.036Z", "created_at": "2026-04-17T07:12:49.036Z", "updated_at": "2026-04-17T07:12:49.036Z", "is_deleted": false, "deleted_at": null}}, {"model": "pipeline.applicationcomment", "pk": 4, "fields": {"application": 4, "author": 7, "text": "test", "created_at": "2026-04-15T13:31:43.524Z"}}, {"model": "pipeline.applicationanswer", "pk": 1, "fields": {"application": 8, "field": 1, "text_answer": "sdfsdfs", "file_answer": ""}}, {"model": "pipeline.applicationanswer", "pk": 2, "fields": {"application": 8, "field": 2, "text_answer": "sdfsdsdfsdfsdf", "file_answer": ""}}, {"model": "pipeline.applicationanswer", "pk": 3, "fields": {"application": 8, "field": 3, "text_answer": "1", "file_answer": ""}}, {"model": "pipeline.applicationanswer", "pk": 4, "fields": {"application": 8, "field": 4, "text_answer": "yes", "file_answer": ""}}, {"model": "pipeline.applicationanswer", "pk": 5, "fields": {"application": 8, "field": 5, "text_answer": "2203-10-22", "file_answer": ""}}, {"model": "pipeline.applicationanswer", "pk": 6, "fields": {"application": 8, "field": 6, "text_answer": "2", "file_answer": ""}}, {"model": "pipeline.applicationanswer", "pk": 7, "fields": {"application": 8, "field": 7, "text_answer": "", "file_answer": "application_files/Wesam_1.pdf"}}, {"model": "pipeline.applicationanswer", "pk": 8, "fields": {"application": 8, "field": 8, "text_answer": "", "file_answer": "application_files/Untitled-2.png"}}, {"model": "pipeline.applicationanswer", "pk": 9, "fields": {"application": 10, "field": 1, "text_answer": "ll", "file_answer": ""}}, {"model": "pipeline.applicationanswer", "pk": 10, "fields": {"application": 10, "field": 2, "text_answer": "jk", "file_answer": ""}}, {"model": "pipeline.applicationanswer", "pk": 11, "fields": {"application": 10, "field": 3, "text_answer": "1", "file_answer": ""}}, {"model": "pipeline.applicationanswer", "pk": 12, "fields": {"application": 10, "field": 4, "text_answer": "yes", "file_answer": ""}}, {"model": "pipeline.applicationanswer", "pk": 13, "fields": {"application": 10, "field": 5, "text_answer": "1220-12-20", "file_answer": ""}}, {"model": "pipeline.applicationanswer", "pk": 14, "fields": {"application": 10, "field": 6, "text_answer": "15", "file_answer": ""}}, {"model": "pipeline.applicationanswer", "pk": 15, "fields": {"application": 10, "field": 7, "text_answer": "", "file_answer": "application_files/Wesam_1_Qk7G2ZW.pdf"}}, {"model": "pipeline.applicationanswer", "pk": 16, "fields": {"application": 10, "field": 8, "text_answer": "", "file_answer": "application_files/Untitled-1.png"}}, {"model": "pipeline.applicationanswer", "pk": 17, "fields": {"application": 12, "field": 1, "text_answer": "test", "file_answer": ""}}, {"model": "pipeline.applicationanswer", "pk": 18, "fields": {"application": 12, "field": 4, "text_answer": "yes", "file_answer": ""}}, {"model": "pipeline.applicationanswer", "pk": 19, "fields": {"application": 12, "field": 7, "text_answer": "", "file_answer": "application_files/Ref-aldirawi.pdf"}}, {"model": "pipeline.applicationanswer", "pk": 20, "fields": {"application": 12, "field": 8, "text_answer": "", "file_answer": "application_files/Untitled-1_nXgATBw.png"}}, {"model": "activities.activitylog", "pk": 1, "fields": {"user": 5, "company": 1, "action": "create_job", "description": "Company1 created job test1", "created_at": "2026-04-09T09:04:14.817Z"}}, {"model": "activities.activitylog", "pk": 2, "fields": {"user": 5, "company": 1, "action": "team_add", "description": "Company1 added team member c_user1", "created_at": "2026-04-09T09:05:37.778Z"}}, {"model": "activities.activitylog", "pk": 3, "fields": {"user": 5, "company": 1, "action": "team_update", "description": "Company1 updated permissions for c_user1", "created_at": "2026-04-09T09:05:41.921Z"}}, {"model": "activities.activitylog", "pk": 4, "fields": {"user": 5, "company": 1, "action": "team_update", "description": "Company1 updated permissions for c_user1", "created_at": "2026-04-09T09:05:48.985Z"}}, {"model": "activities.activitylog", "pk": 5, "fields": {"user": 5, "company": 1, "action": "team_update", "description": "Company1 updated permissions for c_user1", "created_at": "2026-04-09T09:08:19.313Z"}}, {"model": "activities.activitylog", "pk": 6, "fields": {"user": 7, "company": 1, "action": "link_candidate", "description": "c_user1 linked Alaa Abu Saleem to test1", "created_at": "2026-04-09T14:36:47.704Z"}}, {"model": "activities.activitylog", "pk": 7, "fields": {"user": 7, "company": 1, "action": "rate", "description": "c_user1 rated Alaa Abu Saleem with 5/5", "created_at": "2026-04-09T14:36:51.812Z"}}, {"model": "activities.activitylog", "pk": 8, "fields": {"user": 7, "company": 1, "action": "comment", "description": "c_user1 commented on Alaa Abu Saleem: tesy", "created_at": "2026-04-09T14:36:55.683Z"}}, {"model": "activities.activitylog", "pk": 9, "fields": {"user": 5, "company": 1, "action": "accept", "description": "Company1 marked Alaa Abu Saleem as Accepted", "created_at": "2026-04-09T14:39:11.681Z"}}, {"model": "activities.activitylog", "pk": 10, "fields": {"user": 5, "company": 1, "action": "accept", "description": "Company1 marked Alaa Abu Saleem as Accepted", "created_at": "2026-04-09T14:39:31.278Z"}}, {"model": "activities.activitylog", "pk": 11, "fields": {"user": 8, "company": 2, "action": "team_add", "description": "company2 added team member c_user2", "created_at": "2026-04-11T08:55:56.885Z"}}, {"model": "activities.activitylog", "pk": 12, "fields": {"user": 8, "company": 2, "action": "create_job", "description": "company2 created job test2", "created_at": "2026-04-11T08:56:32.722Z"}}, {"model": "activities.activitylog", "pk": 13, "fields": {"user": 5, "company": 1, "action": "reject", "description": "Company1 marked Alaa Abu Saleem as Rejected", "created_at": "2026-04-11T09:00:56.728Z"}}, {"model": "activities.activitylog", "pk": 14, "fields": {"user": 5, "company": 1, "action": "move_stage", "description": "Company1 moved Alaa Abu Saleem to Hired", "created_at": "2026-04-11T09:01:02.997Z"}}, {"model": "activities.activitylog", "pk": 15, "fields": {"user": 5, "company": 1, "action": "move_stage", "description": "Company1 moved Alaa Abu Saleem to Shortlisted", "created_at": "2026-04-11T09:01:06.291Z"}}, {"model": "activities.activitylog", "pk": 16, "fields": {"user": 5, "company": 1, "action": "move_stage", "description": "Company1 moved Alaa Abu Saleem to Applied", "created_at": "2026-04-11T09:01:08.803Z"}}, {"model": "activities.activitylog", "pk": 17, "fields": {"user": 5, "company": 1, "action": "move_stage", "description": "Company1 moved Alaa Abu Saleem to Shortlisted", "created_at": "2026-04-11T09:01:12.546Z"}}, {"model": "activities.activitylog", "pk": 18, "fields": {"user": 5, "company": 1, "action": "move_stage", "description": "Company1 moved Alaa Abu Saleem to Interviewing", "created_at": "2026-04-11T09:01:13.901Z"}}, {"model": "activities.activitylog", "pk": 19, "fields": {"user": 5, "company": 1, "action": "move_stage", "description": "Company1 moved Alaa Abu Saleem to Offered", "created_at": "2026-04-11T09:01:15.388Z"}}, {"model": "activities.activitylog", "pk": 20, "fields": {"user": 5, "company": 1, "action": "move_stage", "description": "Company1 moved Alaa Abu Saleem to Hired", "created_at": "2026-04-11T09:10:34.413Z"}}, {"model": "activities.activitylog", "pk": 21, "fields": {"user": 5, "company": 1, "action": "comment", "description": "Company1 commented on Alaa Abu Saleem: test", "created_at": "2026-04-14T13:37:28.880Z"}}, {"model": "activities.activitylog", "pk": 22, "fields": {"user": 5, "company": 1, "action": "rate", "description": "Company1 rated Alaa Abu Saleem with 3/5", "created_at": "2026-04-14T13:37:32.952Z"}}, {"model": "activities.activitylog", "pk": 23, "fields": {"user": 5, "company": 1, "action": "rate", "description": "Company1 rated Alaa Abu Saleem with 5/5", "created_at": "2026-04-14T13:37:34.698Z"}}, {"model": "activities.activitylog", "pk": 24, "fields": {"user": 5, "company": 1, "action": "rate", "description": "Company1 rated Alaa Abu Saleem with 2/5", "created_at": "2026-04-14T13:37:36.286Z"}}, {"model": "activities.activitylog", "pk": 25, "fields": {"user": 5, "company": 1, "action": "rate", "description": "Company1 rated Alaa Abu Saleem with 4/5", "created_at": "2026-04-14T13:37:37.784Z"}}, {"model": "activities.activitylog", "pk": 26, "fields": {"user": 5, "company": 1, "action": "move_stage", "description": "Company1 moved Alaa Abu Saleem to Applied", "created_at": "2026-04-14T13:37:43.628Z"}}, {"model": "activities.activitylog", "pk": 27, "fields": {"user": 5, "company": 1, "action": "move_stage", "description": "Company1 moved Alaa Abu Saleem to Shortlisted", "created_at": "2026-04-14T13:37:46.193Z"}}, {"model": "activities.activitylog", "pk": 28, "fields": {"user": 5, "company": 1, "action": "move_stage", "description": "Company1 moved Alaa Abu Saleem to Interviewing", "created_at": "2026-04-14T13:37:47.641Z"}}, {"model": "activities.activitylog", "pk": 29, "fields": {"user": 5, "company": 1, "action": "move_stage", "description": "Company1 moved Alaa Abu Saleem to Shortlisted", "created_at": "2026-04-14T13:37:48.977Z"}}, {"model": "activities.activitylog", "pk": 30, "fields": {"user": 5, "company": 1, "action": "move_stage", "description": "Company1 moved Alaa Abu Saleem to Applied", "created_at": "2026-04-14T13:37:49.887Z"}}, {"model": "activities.activitylog", "pk": 31, "fields": {"user": 5, "company": 1, "action": "move_stage", "description": "Company1 moved Alaa Abu Saleem to Accepted", "created_at": "2026-04-14T13:38:10.629Z"}}, {"model": "activities.activitylog", "pk": 32, "fields": {"user": 5, "company": 1, "action": "move_stage", "description": "Company1 moved Alaa Abu Saleem to Rejected", "created_at": "2026-04-14T13:39:27.723Z"}}, {"model": "activities.activitylog", "pk": 33, "fields": {"user": 5, "company": 1, "action": "rate", "description": "Company1 rated Alaa Abu Saleem with 5/5", "created_at": "2026-04-14T13:39:39.417Z"}}, {"model": "activities.activitylog", "pk": 34, "fields": {"user": 5, "company": 1, "action": "move_stage", "description": "Company1 moved Alaa Abu Saleem to Accepted", "created_at": "2026-04-14T13:46:43.571Z"}}, {"model": "activities.activitylog", "pk": 35, "fields": {"user": 5, "company": 1, "action": "comment", "description": "Company1 commented on Alaa Abu Saleem: test", "created_at": "2026-04-14T13:52:59.843Z"}}, {"model": "activities.activitylog", "pk": 36, "fields": {"user": 5, "company": 1, "action": "move_stage", "description": "Company1 moved mo to Shortlisted", "created_at": "2026-04-14T14:00:10.981Z"}}, {"model": "activities.activitylog", "pk": 37, "fields": {"user": 5, "company": 1, "action": "move_stage", "description": "Company1 moved mo to Applied", "created_at": "2026-04-14T14:00:12.085Z"}}, {"model": "activities.activitylog", "pk": 38, "fields": {"user": 7, "company": 1, "action": "move_stage", "description": "c_user1 moved mo to Shortlisted", "created_at": "2026-04-14T14:00:45.020Z"}}, {"model": "activities.activitylog", "pk": 39, "fields": {"user": 7, "company": 1, "action": "move_stage", "description": "c_user1 moved mo to Interviewing", "created_at": "2026-04-14T14:00:46.187Z"}}, {"model": "activities.activitylog", "pk": 40, "fields": {"user": 7, "company": 1, "action": "move_stage", "description": "c_user1 moved mo to Offered", "created_at": "2026-04-14T14:00:47.311Z"}}, {"model": "activities.activitylog", "pk": 41, "fields": {"user": 7, "company": 1, "action": "move_stage", "description": "c_user1 moved mo to Hired", "created_at": "2026-04-14T14:00:47.968Z"}}, {"model": "activities.activitylog", "pk": 42, "fields": {"user": 7, "company": 1, "action": "move_stage", "description": "c_user1 moved mo to Offered", "created_at": "2026-04-14T14:00:48.525Z"}}, {"model": "activities.activitylog", "pk": 43, "fields": {"user": 7, "company": 1, "action": "move_stage", "description": "c_user1 moved mo to Interviewing", "created_at": "2026-04-14T14:00:48.942Z"}}, {"model": "activities.activitylog", "pk": 44, "fields": {"user": 7, "company": 1, "action": "move_stage", "description": "c_user1 moved mo to Applied", "created_at": "2026-04-14T14:00:49.578Z"}}, {"model": "activities.activitylog", "pk": 45, "fields": {"user": 7, "company": 1, "action": "move_stage", "description": "c_user1 moved mo to Shortlisted", "created_at": "2026-04-14T14:01:16.859Z"}}, {"model": "activities.activitylog", "pk": 46, "fields": {"user": 7, "company": 1, "action": "move_stage", "description": "c_user1 moved mo to Interviewing", "created_at": "2026-04-14T14:01:17.502Z"}}, {"model": "activities.activitylog", "pk": 47, "fields": {"user": 7, "company": 1, "action": "move_stage", "description": "c_user1 moved mo to Applied", "created_at": "2026-04-14T14:01:18.261Z"}}, {"model": "activities.activitylog", "pk": 48, "fields": {"user": 7, "company": 1, "action": "move_stage", "description": "c_user1 moved mo to Shortlisted", "created_at": "2026-04-14T14:01:18.716Z"}}, {"model": "activities.activitylog", "pk": 49, "fields": {"user": 7, "company": 1, "action": "move_stage", "description": "c_user1 moved mo to Offered", "created_at": "2026-04-14T14:01:19.013Z"}}, {"model": "activities.activitylog", "pk": 50, "fields": {"user": 7, "company": 1, "action": "move_stage", "description": "c_user1 moved mo to Interviewing", "created_at": "2026-04-14T14:01:19.884Z"}}, {"model": "activities.activitylog", "pk": 51, "fields": {"user": 7, "company": 1, "action": "move_stage", "description": "c_user1 moved mo to Shortlisted", "created_at": "2026-04-14T14:01:20.403Z"}}, {"model": "activities.activitylog", "pk": 52, "fields": {"user": 7, "company": 1, "action": "move_stage", "description": "c_user1 moved mo to Applied", "created_at": "2026-04-14T14:01:20.792Z"}}, {"model": "activities.activitylog", "pk": 53, "fields": {"user": 7, "company": 1, "action": "move_stage", "description": "c_user1 moved mo to Shortlisted", "created_at": "2026-04-14T14:01:21.155Z"}}, {"model": "activities.activitylog", "pk": 54, "fields": {"user": 7, "company": 1, "action": "move_stage", "description": "c_user1 moved mo to Interviewing", "created_at": "2026-04-14T14:01:23.683Z"}}, {"model": "activities.activitylog", "pk": 55, "fields": {"user": 7, "company": 1, "action": "move_stage", "description": "c_user1 moved mo to Applied", "created_at": "2026-04-14T14:01:25.449Z"}}, {"model": "activities.activitylog", "pk": 56, "fields": {"user": 7, "company": 1, "action": "move_stage", "description": "c_user1 moved mo to Shortlisted", "created_at": "2026-04-14T14:07:21.939Z"}}, {"model": "activities.activitylog", "pk": 57, "fields": {"user": 7, "company": 1, "action": "move_stage", "description": "c_user1 moved mo to Applied", "created_at": "2026-04-14T14:07:24.044Z"}}, {"model": "activities.activitylog", "pk": 58, "fields": {"user": 5, "company": 1, "action": "create_job", "description": "Company1 created job it manager", "created_at": "2026-04-15T12:42:43.186Z"}}, {"model": "activities.activitylog", "pk": 59, "fields": {"user": 5, "company": 1, "action": "close_job", "description": "Company1 closed job it manager", "created_at": "2026-04-15T12:43:20.425Z"}}, {"model": "activities.activitylog", "pk": 60, "fields": {"user": 5, "company": 1, "action": "reopen_job", "description": "Company1 reopened job it manager", "created_at": "2026-04-15T12:43:26.362Z"}}, {"model": "activities.activitylog", "pk": 61, "fields": {"user": 5, "company": 1, "action": "move_stage", "description": "Company1 moved Alaa Abu Saleem to Shortlisted", "created_at": "2026-04-15T12:48:04.912Z"}}, {"model": "activities.activitylog", "pk": 62, "fields": {"user": 5, "company": 1, "action": "create_job", "description": "Company1 created job 2", "created_at": "2026-04-15T12:48:28.781Z"}}, {"model": "activities.activitylog", "pk": 63, "fields": {"user": 5, "company": 1, "action": "close_job", "description": "Company1 closed job 2", "created_at": "2026-04-15T12:53:29.632Z"}}, {"model": "activities.activitylog", "pk": 64, "fields": {"user": 5, "company": 1, "action": "reopen_job", "description": "Company1 reopened job 2", "created_at": "2026-04-15T12:53:35.879Z"}}, {"model": "activities.activitylog", "pk": 65, "fields": {"user": 8, "company": 2, "action": "create_job", "description": "company2 created job graphic", "created_at": "2026-04-15T13:17:00.449Z"}}, {"model": "activities.activitylog", "pk": 66, "fields": {"user": 8, "company": 2, "action": "edit_job", "description": "company2 edited job graphic", "created_at": "2026-04-15T13:17:36.123Z"}}, {"model": "activities.activitylog", "pk": 67, "fields": {"user": 5, "company": 1, "action": "team_update", "description": "Company1 updated permissions for c_user1", "created_at": "2026-04-15T13:31:03.895Z"}}, {"model": "activities.activitylog", "pk": 68, "fields": {"user": 7, "company": 1, "action": "move_stage", "description": "c_user1 moved Alaa Abu Saleem to Interviewing", "created_at": "2026-04-15T13:31:26.432Z"}}, {"model": "activities.activitylog", "pk": 69, "fields": {"user": 7, "company": 1, "action": "move_stage", "description": "c_user1 moved Alaa Abu Saleem to Offered", "created_at": "2026-04-15T13:31:27.703Z"}}, {"model": "activities.activitylog", "pk": 70, "fields": {"user": 7, "company": 1, "action": "move_stage", "description": "c_user1 moved Alaa Abu Saleem to Hired", "created_at": "2026-04-15T13:31:30.353Z"}}, {"model": "activities.activitylog", "pk": 71, "fields": {"user": 7, "company": 1, "action": "move_stage", "description": "c_user1 moved Alaa Abu Saleem to Rejected", "created_at": "2026-04-15T13:31:31.345Z"}}, {"model": "activities.activitylog", "pk": 72, "fields": {"user": 7, "company": 1, "action": "move_stage", "description": "c_user1 moved Alaa Abu Saleem to Accepted", "created_at": "2026-04-15T13:31:32.104Z"}}, {"model": "activities.activitylog", "pk": 73, "fields": {"user": 7, "company": 1, "action": "move_stage", "description": "c_user1 moved Alaa Abu Saleem to Hired", "created_at": "2026-04-15T13:31:33.121Z"}}, {"model": "activities.activitylog", "pk": 74, "fields": {"user": 7, "company": 1, "action": "comment", "description": "c_user1 commented on Alaa Abu Saleem: test", "created_at": "2026-04-15T13:31:43.530Z"}}, {"model": "activities.activitylog", "pk": 75, "fields": {"user": 5, "company": 1, "action": "team_update", "description": "Company1 updated permissions for c_user1", "created_at": "2026-04-15T13:32:00.781Z"}}, {"model": "activities.activitylog", "pk": 76, "fields": {"user": 5, "company": 1, "action": "team_update", "description": "Company1 updated permissions for c_user1", "created_at": "2026-04-15T13:32:10.705Z"}}, {"model": "activities.activitylog", "pk": 77, "fields": {"user": 5, "company": 1, "action": "team_update", "description": "Company1 updated permissions for c_user1", "created_at": "2026-04-15T13:32:27.351Z"}}, {"model": "activities.activitylog", "pk": 78, "fields": {"user": 7, "company": 1, "action": "move_stage", "description": "c_user1 moved Alaa Abu Saleem to Hired", "created_at": "2026-04-15T13:38:26.635Z"}}, {"model": "activities.activitylog", "pk": 79, "fields": {"user": 7, "company": 1, "action": "move_stage", "description": "c_user1 moved Alaa Abu Saleem to Offered", "created_at": "2026-04-15T13:38:28.041Z"}}, {"model": "activities.activitylog", "pk": 80, "fields": {"user": 7, "company": 1, "action": "move_stage", "description": "c_user1 moved Alaa Abu Saleem to Interviewing", "created_at": "2026-04-15T13:38:29.127Z"}}, {"model": "activities.activitylog", "pk": 81, "fields": {"user": 7, "company": 1, "action": "move_stage", "description": "c_user1 moved Alaa Abu Saleem to Accepted", "created_at": "2026-04-15T13:38:45.250Z"}}, {"model": "activities.activitylog", "pk": 82, "fields": {"user": 7, "company": 1, "action": "move_stage", "description": "c_user1 moved Alaa Abu Saleem to Applied", "created_at": "2026-04-15T13:39:01.152Z"}}, {"model": "activities.activitylog", "pk": 83, "fields": {"user": 5, "company": 1, "action": "team_update", "description": "Company1 updated permissions for c_user1", "created_at": "2026-04-15T13:39:10.482Z"}}, {"model": "activities.activitylog", "pk": 84, "fields": {"user": 7, "company": 1, "action": "move_stage", "description": "c_user1 moved Alaa Abu Saleem to Interviewing", "created_at": "2026-04-15T13:39:18.899Z"}}, {"model": "activities.activitylog", "pk": 85, "fields": {"user": 7, "company": 1, "action": "move_stage", "description": "c_user1 moved Alaa Abu Saleem to Shortlisted", "created_at": "2026-04-15T13:39:19.832Z"}}, {"model": "activities.activitylog", "pk": 86, "fields": {"user": 7, "company": 1, "action": "move_stage", "description": "c_user1 moved Alaa Abu Saleem to Applied", "created_at": "2026-04-15T13:39:21.240Z"}}, {"model": "activities.activitylog", "pk": 87, "fields": {"user": 7, "company": 1, "action": "move_stage", "description": "c_user1 moved Alaa Abu Saleem to Interviewing", "created_at": "2026-04-15T13:39:21.928Z"}}, {"model": "activities.activitylog", "pk": 88, "fields": {"user": 5, "company": 1, "action": "team_update", "description": "Company1 updated permissions for c_user1", "created_at": "2026-04-15T13:39:38.183Z"}}, {"model": "activities.activitylog", "pk": 89, "fields": {"user": 5, "company": 1, "action": "move_stage", "description": "Company1 moved Alaa Abu Saleem to Hired", "created_at": "2026-04-15T13:41:59.144Z"}}, {"model": "activities.activitylog", "pk": 90, "fields": {"user": 8, "company": 2, "action": "move_stage", "description": "company2 moved emp to Shortlisted", "created_at": "2026-04-16T10:53:39.074Z"}}, {"model": "activities.activitylog", "pk": 91, "fields": {"user": 8, "company": 2, "action": "move_stage", "description": "company2 moved emp to Applied", "created_at": "2026-04-16T10:53:47.350Z"}}, {"model": "activities.activitylog", "pk": 92, "fields": {"user": 8, "company": 2, "action": "move_stage", "description": "company2 moved emp to Shortlisted", "created_at": "2026-04-16T10:53:56.786Z"}}, {"model": "activities.activitylog", "pk": 93, "fields": {"user": 8, "company": 2, "action": "move_stage", "description": "company2 moved emp to Interviewing", "created_at": "2026-04-16T10:53:58.961Z"}}, {"model": "activities.activitylog", "pk": 94, "fields": {"user": 8, "company": 2, "action": "move_stage", "description": "company2 moved emp to Offered", "created_at": "2026-04-16T10:54:04.657Z"}}, {"model": "activities.activitylog", "pk": 95, "fields": {"user": 8, "company": 2, "action": "move_stage", "description": "company2 moved emp to Hired", "created_at": "2026-04-16T10:54:17.947Z"}}, {"model": "activities.activitylog", "pk": 96, "fields": {"user": 8, "company": 2, "action": "move_stage", "description": "company2 moved emp to Rejected", "created_at": "2026-04-16T10:54:25.411Z"}}, {"model": "activities.activitylog", "pk": 97, "fields": {"user": 5, "company": 1, "action": "move_stage", "description": "Company1 moved emp to Interviewing", "created_at": "2026-04-16T11:09:19.522Z"}}, {"model": "activities.activitylog", "pk": 98, "fields": {"user": 5, "company": 1, "action": "move_stage", "description": "Company1 moved emp to Shortlisted", "created_at": "2026-04-16T11:09:45.777Z"}}, {"model": "activities.activitylog", "pk": 99, "fields": {"user": 5, "company": 1, "action": "move_stage", "description": "Company1 moved emp to Interviewing", "created_at": "2026-04-16T11:36:54.754Z"}}, {"model": "activities.activitylog", "pk": 100, "fields": {"user": 5, "company": 1, "action": "move_stage", "description": "Company1 moved emp to Hired", "created_at": "2026-04-16T11:37:13.749Z"}}, {"model": "activities.activitylog", "pk": 101, "fields": {"user": 5, "company": 1, "action": "move_stage", "description": "Company1 moved emp to Offered", "created_at": "2026-04-16T11:37:18.585Z"}}, {"model": "activities.activitylog", "pk": 102, "fields": {"user": 5, "company": 1, "action": "move_stage", "description": "Company1 moved emp to Interviewing", "created_at": "2026-04-16T11:37:35.539Z"}}, {"model": "activities.activitylog", "pk": 103, "fields": {"user": 5, "company": 1, "action": "move_stage", "description": "Company1 moved Alaa Abu Saleem to Shortlisted", "created_at": "2026-04-16T11:37:36.962Z"}}, {"model": "activities.activitylog", "pk": 104, "fields": {"user": 5, "company": 1, "action": "create_job", "description": "Company1 created job HR Manager", "created_at": "2026-04-16T11:50:25.345Z"}}, {"model": "activities.activitylog", "pk": 105, "fields": {"user": 5, "company": 1, "action": "edit_job", "description": "Company1 edited job HR Manager", "created_at": "2026-04-16T11:50:34.610Z"}}, {"model": "activities.activitylog", "pk": 106, "fields": {"user": 5, "company": 1, "action": "move_stage", "description": "Company1 moved emp to Hired", "created_at": "2026-04-17T08:48:23.468Z"}}, {"model": "activities.activitylog", "pk": 107, "fields": {"user": 16, "company": 1, "action": "move_stage", "description": "[SuperAdmin] Soft-deleted company: alaa.company1 Company", "created_at": "2026-04-17T08:55:30.451Z"}}, {"model": "activities.activitylog", "pk": 108, "fields": {"user": 16, "company": 1, "action": "move_stage", "description": "[SuperAdmin] Restored company ID 5", "created_at": "2026-04-17T08:55:33.671Z"}}, {"model": "sites.site", "pk": 1, "fields": {"domain": "example.com", "name": "example.com"}}, {"model": "sites.site", "pk": 2, "fields": {"domain": "https://ahtarafion.com/", "name": "ahtarafion"}}, {"model": "sites.site", "pk": 3, "fields": {"domain": "ahtarafion.com", "name": "ahtarafion"}}, {"model": "socialaccount.socialapp", "pk": 1, "fields": {"provider": "google", "provider_id": "Google", "name": "Google Login", "client_id": "153871975958-ntb7h50nrdku2jhaf2a5u33c2p8dm06b.apps.googleusercontent.com", "secret": "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", "key": "", "settings": {}, "sites": [3, 1]}}, {"model": "socialaccount.socialaccount", "pk": 1, "fields": {"user": 4, "provider": "Google", "uid": "105862186163826469565", "last_login": "2026-04-06T13:13:58.818Z", "date_joined": "2026-04-06T13:13:58.818Z", "extra_data": {"iss": "https://accounts.google.com", "azp": "153871975958-ntb7h50nrdku2jhaf2a5u33c2p8dm06b.apps.googleusercontent.com", "aud": "153871975958-ntb7h50nrdku2jhaf2a5u33c2p8dm06b.apps.googleusercontent.com", "sub": "105862186163826469565", "at_hash": "kQNOIcvd_bh9CeJpZyZvkA", "name": "As M", "picture": "https://lh3.googleusercontent.com/a/ACg8ocKYhRt6b0vCsKble8lQaDRN8WqbYapgbMlcJERCXu6HxnY_Qg=s96-c", "given_name": "As", "family_name": "M", "iat": 1775481238, "exp": 1775484838}}}]