[
{
    "model": "accounts.user",
    "fields": {
        "password": "pbkdf2_sha256$720000$qb5tWF5NFxF6OqEbgzBbu7$C7XE8H5KSpsQyuFp+M1ly6T7dTsOPcEYD5hhhyTgqZI=",
        "last_login": "2026-04-04T12:50:38.453Z",
        "is_superuser": false,
        "username": "Alaa",
        "first_name": "",
        "last_name": "",
        "email": "alaa.s@ahtarafion.com",
        "is_staff": false,
        "is_active": true,
        "date_joined": "2026-04-04T12:50:38.202Z",
        "role": "company_owner",
        "company": null,
        "is_owner": true,
        "team_role": null,
        "is_verified": true,
        "avatar": "",
        "bio": "",
        "phone": "",
        "location": "",
        "position": "",
        "groups": [],
        "user_permissions": []
    }
},
{
    "model": "accounts.user",
    "fields": {
        "password": "pbkdf2_sha256$720000$bmRKpxazBNtnsfrFf1chLZ$H9E0b5eCLLzbrtLLSCQc+8lD2dKjOzVTmjh27NvtIz8=",
        "last_login": "2026-04-04T12:55:06.075Z",
        "is_superuser": false,
        "username": "Alaa.sa",
        "first_name": "",
        "last_name": "",
        "email": "alaa.s@ahtarafion.com",
        "is_staff": false,
        "is_active": true,
        "date_joined": "2026-04-04T12:55:05.835Z",
        "role": "company_owner",
        "company": null,
        "is_owner": true,
        "team_role": null,
        "is_verified": true,
        "avatar": "",
        "bio": "",
        "phone": "",
        "location": "",
        "position": "",
        "groups": [],
        "user_permissions": []
    }
},
{
    "model": "accounts.user",
    "fields": {
        "password": "pbkdf2_sha256$720000$mTeTXx2nmqlSloY0GTjEv3$WATBj2+j4TZalsamOjZj7mczoTnT+jZy/Xd/q6RZAvg=",
        "last_login": "2026-04-14T12:41:26.371Z",
        "is_superuser": true,
        "username": "alaa",
        "first_name": "",
        "last_name": "",
        "email": "alaasaleem524@gmail.com",
        "is_staff": true,
        "is_active": true,
        "date_joined": "2026-04-06T12:43:29.511Z",
        "role": "",
        "company": null,
        "is_owner": false,
        "team_role": null,
        "is_verified": true,
        "avatar": "",
        "bio": "",
        "phone": "",
        "location": "",
        "position": "",
        "groups": [],
        "user_permissions": []
    }
},
{
    "model": "accounts.user",
    "fields": {
        "password": "!XRlQhG8UrPtq1DDdc1Per11andjzYCYpZgDLKv8z",
        "last_login": "2026-04-06T13:13:58.827Z",
        "is_superuser": false,
        "username": "as",
        "first_name": "As",
        "last_name": "M",
        "email": "",
        "is_staff": false,
        "is_active": true,
        "date_joined": "2026-04-06T13:13:58.807Z",
        "role": "",
        "company": null,
        "is_owner": false,
        "team_role": null,
        "is_verified": true,
        "avatar": "",
        "bio": "",
        "phone": "",
        "location": "",
        "position": "",
        "groups": [],
        "user_permissions": []
    }
},
{
    "model": "accounts.user",
    "fields": {
        "password": "pbkdf2_sha256$720000$WAXpIIGVnpCM4BIGWV7ary$KA9tix46+KAw8GBLd9D7r6ZHevR3ZufzISL2ApetF2M=",
        "last_login": "2026-04-18T12:03:20.817Z",
        "is_superuser": false,
        "username": "Company1",
        "first_name": "Alaa",
        "last_name": "AbuSalim",
        "email": "company1@gmail.com",
        "is_staff": false,
        "is_active": true,
        "date_joined": "2026-04-07T12:34:53.094Z",
        "role": "company_owner",
        "company": 1,
        "is_owner": true,
        "team_role": null,
        "is_verified": true,
        "avatar": "avatars/Untitled-1_2.png",
        "bio": "test",
        "phone": "0592870744",
        "location": "Gaza",
        "position": "",
        "groups": [],
        "user_permissions": []
    }
},
{
    "model": "accounts.user",
    "fields": {
        "password": "pbkdf2_sha256$720000$VFdRa59KK96XngcXpnmHXE$Px9IgZN1v/nCUF/Y0WMI/shLezetav/ix9eKc4e7GZE=",
        "last_login": "2026-04-07T12:38:54.662Z",
        "is_superuser": false,
        "username": "user1",
        "first_name": "",
        "last_name": "",
        "email": "user1@gmail.com",
        "is_staff": false,
        "is_active": true,
        "date_joined": "2026-04-07T12:36:12.998Z",
        "role": "candidate",
        "company": null,
        "is_owner": false,
        "team_role": null,
        "is_verified": true,
        "avatar": "",
        "bio": "",
        "phone": "",
        "location": "",
        "position": "",
        "groups": [],
        "user_permissions": []
    }
},
{
    "model": "accounts.user",
    "fields": {
        "password": "pbkdf2_sha256$720000$iWV3VQlZB7sG1Kvnco0FBf$r6+P/p9JklUIbUtAoneW1TAcfX7UwvELn45nX+a39io=",
        "last_login": "2026-04-15T13:31:19.535Z",
        "is_superuser": false,
        "username": "c_user1",
        "first_name": "",
        "last_name": "",
        "email": "c_user1@gmail.com",
        "is_staff": false,
        "is_active": true,
        "date_joined": "2026-04-09T09:05:37.564Z",
        "role": "team_member",
        "company": 1,
        "is_owner": false,
        "team_role": "reviewer",
        "is_verified": true,
        "avatar": "",
        "bio": "",
        "phone": "",
        "location": "",
        "position": "",
        "groups": [],
        "user_permissions": []
    }
},
{
    "model": "accounts.user",
    "fields": {
        "password": "pbkdf2_sha256$720000$BzyioG52QioE4oQ8bt0st5$j7ukAc8xppwjeaLZWuKp+8BBASLKSCy99iRgdOBFFuY=",
        "last_login": "2026-04-17T07:05:00.147Z",
        "is_superuser": false,
        "username": "company2",
        "first_name": "",
        "last_name": "",
        "email": "company2@gmail.com",
        "is_staff": false,
        "is_active": true,
        "date_joined": "2026-04-11T08:55:23.292Z",
        "role": "company_owner",
        "company": 2,
        "is_owner": true,
        "team_role": null,
        "is_verified": true,
        "avatar": "",
        "bio": "",
        "phone": "",
        "location": "",
        "position": "",
        "groups": [],
        "user_permissions": []
    }
},
{
    "model": "accounts.user",
    "fields": {
        "password": "pbkdf2_sha256$720000$VOqTQpv6BSTkZgMAREpdXz$z++h4mstWGxWNa2QDF5kmNDgeVB2jSRKToYI+3EAZWY=",
        "last_login": null,
        "is_superuser": false,
        "username": "c_user2",
        "first_name": "",
        "last_name": "",
        "email": "c_user2@gmail.com",
        "is_staff": false,
        "is_active": true,
        "date_joined": "2026-04-11T08:55:56.641Z",
        "role": "team_member",
        "company": 2,
        "is_owner": false,
        "team_role": null,
        "is_verified": true,
        "avatar": "",
        "bio": "",
        "phone": "",
        "location": "",
        "position": "",
        "groups": [],
        "user_permissions": []
    }
},
{
    "model": "accounts.user",
    "fields": {
        "password": "pbkdf2_sha256$720000$iMIo04pHE7e7pkm31YLdwV$XSduT04LLg0qGNylndCTUYNPZvMPVW9m80PUfTOU9jY=",
        "last_login": "2026-04-17T09:27:21.167Z",
        "is_superuser": false,
        "username": "emp1",
        "first_name": "",
        "last_name": "",
        "email": "emp@gmail.com",
        "is_staff": false,
        "is_active": true,
        "date_joined": "2026-04-15T13:22:54.741Z",
        "role": "candidate",
        "company": null,
        "is_owner": false,
        "team_role": null,
        "is_verified": true,
        "avatar": "avatars/Untitled-1.png",
        "bio": "",
        "phone": "",
        "location": "",
        "position": "",
        "groups": [],
        "user_permissions": []
    }
},
{
    "model": "accounts.user",
    "fields": {
        "password": "pbkdf2_sha256$720000$obJ0U0E9yMgt2wi8ESvjXD$W81NTl8ZrU3YXuUc6wF2+fahskVqBoYkvZ5XUSfilTU=",
        "last_login": "2026-04-16T11:51:32.303Z",
        "is_superuser": false,
        "username": "emp2",
        "first_name": "",
        "last_name": "",
        "email": "emp1@gmail.com",
        "is_staff": false,
        "is_active": true,
        "date_joined": "2026-04-16T11:51:32.082Z",
        "role": "candidate",
        "company": null,
        "is_owner": false,
        "team_role": null,
        "is_verified": true,
        "avatar": "",
        "bio": "",
        "phone": "",
        "location": "",
        "position": "",
        "groups": [],
        "user_permissions": []
    }
},
{
    "model": "accounts.user",
    "fields": {
        "password": "pbkdf2_sha256$720000$q9afGtLyWOahMXo9H7elfy$JmEXA2Ki456ZHUYI0K/m1CfEByMnD/XJzuwscgy3BrA=",
        "last_login": "2026-04-17T06:50:12.165Z",
        "is_superuser": false,
        "username": "foad",
        "first_name": "",
        "last_name": "",
        "email": "alaasaleem524@gmail.com",
        "is_staff": false,
        "is_active": true,
        "date_joined": "2026-04-17T06:50:11.939Z",
        "role": "candidate",
        "company": null,
        "is_owner": false,
        "team_role": null,
        "is_verified": true,
        "avatar": "",
        "bio": "",
        "phone": "",
        "location": "",
        "position": "",
        "groups": [],
        "user_permissions": []
    }
},
{
    "model": "accounts.user",
    "fields": {
        "password": "pbkdf2_sha256$720000$XxJdfHoNwTkR4aq23nqlUP$isMLeSeg3kWrxzVfCT+SWoRPaO3AeB88NyNCW5p6cuE=",
        "last_login": "2026-04-17T07:32:19.025Z",
        "is_superuser": false,
        "username": "BITX",
        "first_name": "",
        "last_name": "",
        "email": "asm654436@gmail.com",
        "is_staff": false,
        "is_active": true,
        "date_joined": "2026-04-17T07:30:48.979Z",
        "role": "company_owner",
        "company": 3,
        "is_owner": true,
        "team_role": null,
        "is_verified": true,
        "avatar": "",
        "bio": "",
        "phone": "",
        "location": "",
        "position": "",
        "groups": [],
        "user_permissions": []
    }
},
{
    "model": "accounts.user",
    "fields": {
        "password": "pbkdf2_sha256$720000$aQU3uICg8RfKkchEVIrw1p$LdaSan0TNjaP2ZcBLty4Vz75wQ0JxAV1xxiiAEf+BcI=",
        "last_login": null,
        "is_superuser": false,
        "username": "alaa.company",
        "first_name": "",
        "last_name": "",
        "email": "alaa.r.saleem@gmail.com",
        "is_staff": false,
        "is_active": true,
        "date_joined": "2026-04-17T07:39:40.804Z",
        "role": "company_owner",
        "company": 4,
        "is_owner": true,
        "team_role": null,
        "is_verified": true,
        "avatar": "",
        "bio": "",
        "phone": "",
        "location": "",
        "position": "",
        "groups": [],
        "user_permissions": []
    }
},
{
    "model": "accounts.user",
    "fields": {
        "password": "pbkdf2_sha256$720000$vhsCsQorVd0wnWZuU6hpF4$yyVj9hRMddcm8gxPvXYOmyBpLDmjJaS6Iv1cz+F608w=",
        "last_login": null,
        "is_superuser": false,
        "username": "alaa.company1",
        "first_name": "",
        "last_name": "",
        "email": "mahmoudallaahmad@gmail.com",
        "is_staff": false,
        "is_active": true,
        "date_joined": "2026-04-17T07:42:57.006Z",
        "role": "company_owner",
        "company": 5,
        "is_owner": true,
        "team_role": null,
        "is_verified": true,
        "avatar": "",
        "bio": "",
        "phone": "",
        "location": "",
        "position": "",
        "groups": [],
        "user_permissions": []
    }
},
{
    "model": "accounts.user",
    "fields": {
        "password": "pbkdf2_sha256$720000$8GWi19CTNmedxeeb3UaPOb$gCfBQSZRrXYjem0aMnzTBqMUI0dFsUv9YWbAfm5mBGM=",
        "last_login": "2026-04-22T10:22:05.151Z",
        "is_superuser": true,
        "username": "alaa.saleem",
        "first_name": "",
        "last_name": "",
        "email": "Alaa.S@ahtarafion.com",
        "is_staff": true,
        "is_active": true,
        "date_joined": "2026-04-17T07:48:02.425Z",
        "role": "candidate",
        "company": null,
        "is_owner": false,
        "team_role": null,
        "is_verified": true,
        "avatar": "",
        "bio": "",
        "phone": "",
        "location": "",
        "position": "",
        "groups": [],
        "user_permissions": []
    }
},
{
    "model": "accounts.company",
    "pk": 1,
    "fields": {
        "owner": [
            "Company1"
        ],
        "company_name": "Company1",
        "logo": "company_logos/Untitled-1_2.png",
        "description": "test",
        "industry": "it",
        "location": "Gaza",
        "website": "https://ahtarafion.com/",
        "phone": "059-287-0744",
        "company_size": "1-10",
        "slug": "company1-company",
        "is_deleted": false,
        "deleted_at": null
    }
},
{
    "model": "accounts.company",
    "pk": 2,
    "fields": {
        "owner": [
            "company2"
        ],
        "company_name": "company2 Company",
        "logo": "",
        "description": "",
        "industry": "",
        "location": "",
        "website": null,
        "phone": "",
        "company_size": "",
        "slug": "company2-company",
        "is_deleted": false,
        "deleted_at": null
    }
},
{
    "model": "accounts.company",
    "pk": 3,
    "fields": {
        "owner": [
            "BITX"
        ],
        "company_name": "BITX Company",
        "logo": "",
        "description": "",
        "industry": "",
        "location": "",
        "website": null,
        "phone": "",
        "company_size": "",
        "slug": "bitx-company",
        "is_deleted": false,
        "deleted_at": null
    }
},
{
    "model": "accounts.company",
    "pk": 4,
    "fields": {
        "owner": [
            "alaa.company"
        ],
        "company_name": "alaa.company Company",
        "logo": "",
        "description": "",
        "industry": "",
        "location": "",
        "website": null,
        "phone": "",
        "company_size": "",
        "slug": "alaacompany-company",
        "is_deleted": false,
        "deleted_at": null
    }
},
{
    "model": "accounts.company",
    "pk": 5,
    "fields": {
        "owner": [
            "alaa.company1"
        ],
        "company_name": "alaa.company1 Company",
        "logo": "",
        "description": "",
        "industry": "",
        "location": "",
        "website": null,
        "phone": "",
        "company_size": "",
        "slug": "alaacompany1-company",
        "is_deleted": false,
        "deleted_at": null
    }
},
{
    "model": "candidates.candidate",
    "pk": 1,
    "fields": {
        "user_account": [
            "emp1"
        ],
        "full_name": "emp",
        "phone": "0592870744",
        "email": "emp1@gmail.com",
        "current_title": "it officer",
        "years_of_experience": 12,
        "expected_salary": "",
        "availability": "",
        "skills": "",
        "bio": "",
        "linkedin_url": "",
        "github_url": "",
        "portfolio_url": "",
        "location": "remote",
        "cv_file": "cvs/Wesam_1_1_WsSoSG1.pdf",
        "notes": "Applied for: 2",
        "owner": [
            "Company1"
        ],
        "company": 1,
        "created_at": "2026-04-09T09:09:40.092Z",
        "updated_at": "2026-04-16T11:53:16.584Z",
        "is_deleted": false,
        "deleted_at": null
    }
},
{
    "model": "candidates.candidate",
    "pk": 2,
    "fields": {
        "user_account": null,
        "full_name": "mo",
        "phone": "0598870744",
        "email": "alaasaleem524@gmail.com",
        "current_title": "it officer",
        "years_of_experience": 2,
        "expected_salary": "",
        "availability": "",
        "skills": "",
        "bio": "",
        "linkedin_url": "",
        "github_url": "",
        "portfolio_url": "",
        "location": "remote",
        "cv_file": "cvs/Dropdown.png",
        "notes": "aws\n\nApplied for: test1",
        "owner": [
            "Company1"
        ],
        "company": 1,
        "created_at": "2026-04-14T13:58:09.174Z",
        "updated_at": "2026-04-14T13:58:09.174Z",
        "is_deleted": false,
        "deleted_at": null
    }
},
{
    "model": "candidates.candidate",
    "pk": 3,
    "fields": {
        "user_account": null,
        "full_name": "Alaa Abu Saleem",
        "phone": "0522870744",
        "email": "alaasaleem524@gmail.com",
        "current_title": "it officer",
        "years_of_experience": 1,
        "expected_salary": "",
        "availability": "",
        "skills": "",
        "bio": "",
        "linkedin_url": "",
        "github_url": "",
        "portfolio_url": "",
        "location": "remote",
        "cv_file": "cvs/Wesam_1_1.pdf",
        "notes": "Applied for: it manager",
        "owner": [
            "Company1"
        ],
        "company": 1,
        "created_at": "2026-04-15T12:43:11.423Z",
        "updated_at": "2026-04-15T12:43:11.423Z",
        "is_deleted": false,
        "deleted_at": null
    }
},
{
    "model": "candidates.candidate",
    "pk": 4,
    "fields": {
        "user_account": [
            "emp1"
        ],
        "full_name": "emp",
        "phone": "0592870744",
        "email": "emp1@gmail.com",
        "current_title": "it officer",
        "years_of_experience": 12,
        "expected_salary": "",
        "availability": "",
        "skills": "",
        "bio": "",
        "linkedin_url": "",
        "github_url": "",
        "portfolio_url": "",
        "location": "remote",
        "cv_file": "cvs/Wesam_1_1_WsSoSG1.pdf",
        "notes": "Applied for: graphic",
        "owner": [
            "company2"
        ],
        "company": 2,
        "created_at": "2026-04-15T13:17:54.648Z",
        "updated_at": "2026-04-15T14:13:10.448Z",
        "is_deleted": false,
        "deleted_at": null
    }
},
{
    "model": "candidates.candidate",
    "pk": 5,
    "fields": {
        "user_account": null,
        "full_name": "ChatGPT",
        "phone": "0565373066",
        "email": "mahmoudallaahmad@gmail.com",
        "current_title": "it officer",
        "years_of_experience": 12,
        "expected_salary": "",
        "availability": "",
        "skills": "",
        "bio": "",
        "linkedin_url": "",
        "github_url": "",
        "portfolio_url": "",
        "location": "Gaza",
        "cv_file": "cvs/CV-Mahmoud_Alzuraiei-EN-CSE-2025.pdf",
        "notes": "Applied for: HR Manager",
        "owner": [
            "Company1"
        ],
        "company": 1,
        "created_at": "2026-04-17T06:35:24.266Z",
        "updated_at": "2026-04-17T06:35:24.266Z",
        "is_deleted": false,
        "deleted_at": null
    }
},
{
    "model": "candidates.candidate",
    "pk": 6,
    "fields": {
        "user_account": [
            "foad"
        ],
        "full_name": "foad",
        "phone": "+985200025",
        "email": "alaasaleem524@gmail.com",
        "current_title": "nurse",
        "years_of_experience": 15,
        "expected_salary": "",
        "availability": "",
        "skills": "",
        "bio": "",
        "linkedin_url": "",
        "github_url": "",
        "portfolio_url": "",
        "location": "Gaza",
        "cv_file": "cvs/foad_abo_Saleem_CV.pdf",
        "notes": "",
        "owner": [
            "foad"
        ],
        "company": null,
        "created_at": "2026-04-17T06:50:12.160Z",
        "updated_at": "2026-04-17T06:50:12.160Z",
        "is_deleted": false,
        "deleted_at": null
    }
},
{
    "model": "candidates.candidate",
    "pk": 7,
    "fields": {
        "user_account": [
            "foad"
        ],
        "full_name": "foad",
        "phone": "+985200025",
        "email": "alaasaleem524@gmail.com",
        "current_title": "nurse",
        "years_of_experience": 15,
        "expected_salary": "",
        "availability": "",
        "skills": "",
        "bio": "",
        "linkedin_url": "",
        "github_url": "",
        "portfolio_url": "",
        "location": "Gaza",
        "cv_file": "cvs/foad_abo_Saleem_CV.pdf",
        "notes": "",
        "owner": [
            "Company1"
        ],
        "company": 1,
        "created_at": "2026-04-17T06:50:58.835Z",
        "updated_at": "2026-04-17T06:50:58.835Z",
        "is_deleted": false,
        "deleted_at": null
    }
},
{
    "model": "candidates.candidate",
    "pk": 8,
    "fields": {
        "user_account": null,
        "full_name": "guest",
        "phone": "0114603033",
        "email": "info@bits.sa",
        "current_title": "it officer",
        "years_of_experience": 2,
        "expected_salary": "",
        "availability": "",
        "skills": "",
        "bio": "",
        "linkedin_url": "",
        "github_url": "",
        "portfolio_url": "",
        "location": "02",
        "cv_file": "cvs/logo.ai",
        "notes": "Applied for: graphic",
        "owner": [
            "company2"
        ],
        "company": 2,
        "created_at": "2026-04-17T07:04:42.608Z",
        "updated_at": "2026-04-17T07:04:42.608Z",
        "is_deleted": false,
        "deleted_at": null
    }
},
{
    "model": "candidates.candidate",
    "pk": 9,
    "fields": {
        "user_account": null,
        "full_name": "info",
        "phone": "0114603033",
        "email": "info@bits.sa",
        "current_title": "",
        "years_of_experience": null,
        "expected_salary": "",
        "availability": "",
        "skills": "",
        "bio": "",
        "linkedin_url": "",
        "github_url": "",
        "portfolio_url": "",
        "location": "",
        "cv_file": "cvs/Ref-aldirawi.pdf",
        "notes": "Applied for: HR Manager",
        "owner": [
            "Company1"
        ],
        "company": 1,
        "created_at": "2026-04-17T07:12:49.032Z",
        "updated_at": "2026-04-17T07:12:49.032Z",
        "is_deleted": false,
        "deleted_at": null
    }
},
{
    "model": "candidates.candidatenotification",
    "pk": 1,
    "fields": {
        "user": [
            "emp1"
        ],
        "title": "تحديث لحالة طلبك: graphic",
        "message": "تم تغيير حالة طلب التوظيف الخاص بك إلى: Shortlisted",
        "notification_type": "status_change",
        "is_read": true,
        "created_at": "2026-04-16T10:53:39.078Z",
        "application": 6
    }
},
{
    "model": "candidates.candidatenotification",
    "pk": 2,
    "fields": {
        "user": [
            "emp1"
        ],
        "title": "تحديث لحالة طلبك: graphic",
        "message": "تم تغيير حالة طلب التوظيف الخاص بك إلى: Applied",
        "notification_type": "status_change",
        "is_read": true,
        "created_at": "2026-04-16T10:53:47.353Z",
        "application": 6
    }
},
{
    "model": "candidates.candidatenotification",
    "pk": 3,
    "fields": {
        "user": [
            "emp1"
        ],
        "title": "تحديث لحالة طلبك: graphic",
        "message": "تم تغيير حالة طلب التوظيف الخاص بك إلى: Shortlisted",
        "notification_type": "status_change",
        "is_read": true,
        "created_at": "2026-04-16T10:53:56.789Z",
        "application": 6
    }
},
{
    "model": "candidates.candidatenotification",
    "pk": 4,
    "fields": {
        "user": [
            "emp1"
        ],
        "title": "تحديث لحالة طلبك: graphic",
        "message": "تم تغيير حالة طلب التوظيف الخاص بك إلى: Interviewing",
        "notification_type": "interview",
        "is_read": true,
        "created_at": "2026-04-16T10:53:58.965Z",
        "application": 6
    }
},
{
    "model": "candidates.candidatenotification",
    "pk": 5,
    "fields": {
        "user": [
            "emp1"
        ],
        "title": "تحديث لحالة طلبك: graphic",
        "message": "تم تغيير حالة طلب التوظيف الخاص بك إلى: Offered",
        "notification_type": "status_change",
        "is_read": true,
        "created_at": "2026-04-16T10:54:04.660Z",
        "application": 6
    }
},
{
    "model": "candidates.candidatenotification",
    "pk": 6,
    "fields": {
        "user": [
            "emp1"
        ],
        "title": "تحديث لحالة طلبك: graphic",
        "message": "تم تغيير حالة طلب التوظيف الخاص بك إلى: Hired",
        "notification_type": "status_change",
        "is_read": true,
        "created_at": "2026-04-16T10:54:17.951Z",
        "application": 6
    }
},
{
    "model": "candidates.candidatenotification",
    "pk": 7,
    "fields": {
        "user": [
            "emp1"
        ],
        "title": "تحديث لحالة طلبك: graphic",
        "message": "تم تغيير حالة طلب التوظيف الخاص بك إلى: Rejected",
        "notification_type": "status_change",
        "is_read": true,
        "created_at": "2026-04-16T10:54:25.415Z",
        "application": 6
    }
},
{
    "model": "candidates.candidatenotification",
    "pk": 8,
    "fields": {
        "user": [
            "emp1"
        ],
        "title": "تحديث لحالة طلبك: 2",
        "message": "تم تغيير حالة طلب التوظيف الخاص بك إلى: Interviewing",
        "notification_type": "interview",
        "is_read": false,
        "created_at": "2026-04-16T11:09:19.525Z",
        "application": 5
    }
},
{
    "model": "candidates.candidatenotification",
    "pk": 9,
    "fields": {
        "user": [
            "emp1"
        ],
        "title": "تحديث لحالة طلبك: it manager",
        "message": "تم تغيير حالة طلب التوظيف الخاص بك إلى: Shortlisted",
        "notification_type": "status_change",
        "is_read": false,
        "created_at": "2026-04-16T11:09:45.780Z",
        "application": 7
    }
},
{
    "model": "candidates.candidatenotification",
    "pk": 10,
    "fields": {
        "user": [
            "emp1"
        ],
        "title": "تحديث لحالة طلبك: it manager",
        "message": "تم تغيير حالة طلب التوظيف الخاص بك إلى: Interviewing",
        "notification_type": "interview",
        "is_read": false,
        "created_at": "2026-04-16T11:36:54.758Z",
        "application": 7
    }
},
{
    "model": "candidates.candidatenotification",
    "pk": 11,
    "fields": {
        "user": [
            "emp1"
        ],
        "title": "تحديث لحالة طلبك: it manager",
        "message": "تم تغيير حالة طلب التوظيف الخاص بك إلى: Hired",
        "notification_type": "status_change",
        "is_read": false,
        "created_at": "2026-04-16T11:37:13.752Z",
        "application": 7
    }
},
{
    "model": "candidates.candidatenotification",
    "pk": 12,
    "fields": {
        "user": [
            "emp1"
        ],
        "title": "تحديث لحالة طلبك: it manager",
        "message": "تم تغيير حالة طلب التوظيف الخاص بك إلى: Offered",
        "notification_type": "status_change",
        "is_read": false,
        "created_at": "2026-04-16T11:37:18.588Z",
        "application": 7
    }
},
{
    "model": "candidates.candidatenotification",
    "pk": 13,
    "fields": {
        "user": [
            "emp1"
        ],
        "title": "تحديث لحالة طلبك: it manager",
        "message": "تم تغيير حالة طلب التوظيف الخاص بك إلى: Interviewing",
        "notification_type": "interview",
        "is_read": false,
        "created_at": "2026-04-16T11:37:35.542Z",
        "application": 7
    }
},
{
    "model": "candidates.candidatenotification",
    "pk": 14,
    "fields": {
        "user": [
            "emp1"
        ],
        "title": "تحديث لحالة طلبك: it manager",
        "message": "تم تغيير حالة طلب التوظيف الخاص بك إلى: Hired",
        "notification_type": "status_change",
        "is_read": false,
        "created_at": "2026-04-17T08:48:23.471Z",
        "application": 7
    }
},
{
    "model": "jobs.job",
    "pk": 1,
    "fields": {
        "company": 1,
        "title": "it manager",
        "description": "test",
        "required_skills": "test",
        "location": "Gaza",
        "department": "",
        "job_type": "part_time",
        "salary": "2000.00",
        "application_deadline": "2027-12-02",
        "status": "open",
        "created_at": "2026-04-15T12:42:43.181Z",
        "updated_at": "2026-04-15T12:43:26.358Z",
        "is_deleted": false,
        "deleted_at": null
    }
},
{
    "model": "jobs.job",
    "pk": 2,
    "fields": {
        "company": 1,
        "title": "2",
        "description": "test",
        "required_skills": "tses",
        "location": "test",
        "department": "2",
        "job_type": "part_time",
        "salary": "2000.00",
        "application_deadline": "2027-12-02",
        "status": "open",
        "created_at": "2026-04-15T12:48:28.778Z",
        "updated_at": "2026-04-15T12:53:35.876Z",
        "is_deleted": false,
        "deleted_at": null
    }
},
{
    "model": "jobs.job",
    "pk": 3,
    "fields": {
        "company": 2,
        "title": "graphic",
        "description": "Test",
        "required_skills": "all of ai skills",
        "location": "USA",
        "department": "123",
        "job_type": "full_time",
        "salary": "8200.00",
        "application_deadline": "2026-10-05",
        "status": "open",
        "created_at": "2026-04-15T13:17:00.445Z",
        "updated_at": "2026-04-15T13:17:36.119Z",
        "is_deleted": false,
        "deleted_at": null
    }
},
{
    "model": "jobs.job",
    "pk": 4,
    "fields": {
        "company": 1,
        "title": "HR Manager",
        "description": "test",
        "required_skills": "",
        "location": "Gaza",
        "department": "2",
        "job_type": "full_time",
        "salary": "1499.00",
        "application_deadline": null,
        "status": "open",
        "created_at": "2026-04-16T11:50:25.318Z",
        "updated_at": "2026-04-16T11:50:34.603Z",
        "is_deleted": false,
        "deleted_at": null
    }
},
{
    "model": "jobs.jobcustomfield",
    "pk": 1,
    "fields": {
        "job": 4,
        "label": "نص قصير",
        "field_type": "text",
        "options": "",
        "is_required": true,
        "order": 0
    }
},
{
    "model": "jobs.jobcustomfield",
    "pk": 2,
    "fields": {
        "job": 4,
        "label": "نص طويل",
        "field_type": "textarea",
        "options": "",
        "is_required": false,
        "order": 1
    }
},
{
    "model": "jobs.jobcustomfield",
    "pk": 3,
    "fields": {
        "job": 4,
        "label": "صورة",
        "field_type": "select",
        "options": "1,2,4",
        "is_required": false,
        "order": 2
    }
},
{
    "model": "jobs.jobcustomfield",
    "pk": 4,
    "fields": {
        "job": 4,
        "label": "نعم ولا",
        "field_type": "checkbox",
        "options": "",
        "is_required": true,
        "order": 3
    }
},
{
    "model": "jobs.jobcustomfield",
    "pk": 5,
    "fields": {
        "job": 4,
        "label": "تاريخ",
        "field_type": "date",
        "options": "",
        "is_required": false,
        "order": 4
    }
},
{
    "model": "jobs.jobcustomfield",
    "pk": 6,
    "fields": {
        "job": 4,
        "label": "رقم",
        "field_type": "number",
        "options": "",
        "is_required": false,
        "order": 5
    }
},
{
    "model": "jobs.jobcustomfield",
    "pk": 7,
    "fields": {
        "job": 4,
        "label": "ملف",
        "field_type": "file_upload",
        "options": "",
        "is_required": true,
        "order": 6
    }
},
{
    "model": "jobs.jobcustomfield",
    "pk": 8,
    "fields": {
        "job": 4,
        "label": "صورة",
        "field_type": "image_upload",
        "options": "",
        "is_required": true,
        "order": 7
    }
},
{
    "model": "pipeline.pipelinestage",
    "pk": 1,
    "fields": {
        "name": "Applied",
        "order": 1,
        "color": "#6c757d"
    }
},
{
    "model": "pipeline.pipelinestage",
    "pk": 2,
    "fields": {
        "name": "Shortlisted",
        "order": 2,
        "color": "#0dcaf0"
    }
},
{
    "model": "pipeline.pipelinestage",
    "pk": 3,
    "fields": {
        "name": "Interviewing",
        "order": 3,
        "color": "#ffc107"
    }
},
{
    "model": "pipeline.pipelinestage",
    "pk": 4,
    "fields": {
        "name": "Offered",
        "order": 4,
        "color": "#198754"
    }
},
{
    "model": "pipeline.pipelinestage",
    "pk": 5,
    "fields": {
        "name": "Hired",
        "order": 5,
        "color": "#0d6efd"
    }
},
{
    "model": "pipeline.pipelinestage",
    "pk": 6,
    "fields": {
        "name": "Rejected",
        "order": 6,
        "color": "#dc3545"
    }
},
{
    "model": "pipeline.pipelinestage",
    "pk": 7,
    "fields": {
        "name": "Accepted",
        "order": 999,
        "color": "#198754"
    }
},
{
    "model": "pipeline.application",
    "pk": 4,
    "fields": {
        "candidate": 3,
        "job": 1,
        "current_stage": 2,
        "source": "Public Page",
        "is_shortlisted": false,
        "last_activity_at": "2026-04-15T12:43:11.426Z",
        "created_at": "2026-04-15T12:43:11.427Z",
        "updated_at": "2026-04-16T11:37:36.957Z",
        "is_deleted": false,
        "deleted_at": null
    }
},
{
    "model": "pipeline.application",
    "pk": 5,
    "fields": {
        "candidate": 1,
        "job": 2,
        "current_stage": 3,
        "source": "Public Page",
        "is_shortlisted": false,
        "last_activity_at": "2026-04-15T12:53:01.365Z",
        "created_at": "2026-04-15T12:53:01.365Z",
        "updated_at": "2026-04-16T11:09:19.517Z",
        "is_deleted": false,
        "deleted_at": null
    }
},
{
    "model": "pipeline.application",
    "pk": 6,
    "fields": {
        "candidate": 4,
        "job": 3,
        "current_stage": 6,
        "source": "Public Page",
        "is_shortlisted": false,
        "last_activity_at": "2026-04-15T13:17:54.651Z",
        "created_at": "2026-04-15T13:17:54.651Z",
        "updated_at": "2026-04-16T10:54:25.405Z",
        "is_deleted": false,
        "deleted_at": null
    }
},
{
    "model": "pipeline.application",
    "pk": 7,
    "fields": {
        "candidate": 1,
        "job": 1,
        "current_stage": 5,
        "source": "Easy Apply",
        "is_shortlisted": false,
        "last_activity_at": "2026-04-16T11:09:40.000Z",
        "created_at": "2026-04-16T11:09:40.000Z",
        "updated_at": "2026-04-17T08:48:23.464Z",
        "is_deleted": false,
        "deleted_at": null
    }
},
{
    "model": "pipeline.application",
    "pk": 8,
    "fields": {
        "candidate": 1,
        "job": 4,
        "current_stage": 1,
        "source": "Easy Apply",
        "is_shortlisted": false,
        "last_activity_at": "2026-04-16T11:53:16.588Z",
        "created_at": "2026-04-16T11:53:16.588Z",
        "updated_at": "2026-04-16T11:53:16.588Z",
        "is_deleted": false,
        "deleted_at": null
    }
},
{
    "model": "pipeline.application",
    "pk": 9,
    "fields": {
        "candidate": 5,
        "job": 4,
        "current_stage": 1,
        "source": "Public Page",
        "is_shortlisted": false,
        "last_activity_at": "2026-04-17T06:35:24.270Z",
        "created_at": "2026-04-17T06:35:24.270Z",
        "updated_at": "2026-04-17T06:35:24.270Z",
        "is_deleted": false,
        "deleted_at": null
    }
},
{
    "model": "pipeline.application",
    "pk": 10,
    "fields": {
        "candidate": 7,
        "job": 4,
        "current_stage": 1,
        "source": "Easy Apply",
        "is_shortlisted": false,
        "last_activity_at": "2026-04-17T06:50:58.841Z",
        "created_at": "2026-04-17T06:50:58.841Z",
        "updated_at": "2026-04-17T06:50:58.841Z",
        "is_deleted": false,
        "deleted_at": null
    }
},
{
    "model": "pipeline.application",
    "pk": 11,
    "fields": {
        "candidate": 8,
        "job": 3,
        "current_stage": 1,
        "source": "Public Page",
        "is_shortlisted": false,
        "last_activity_at": "2026-04-17T07:04:42.612Z",
        "created_at": "2026-04-17T07:04:42.612Z",
        "updated_at": "2026-04-17T07:04:42.612Z",
        "is_deleted": false,
        "deleted_at": null
    }
},
{
    "model": "pipeline.application",
    "pk": 12,
    "fields": {
        "candidate": 9,
        "job": 4,
        "current_stage": 1,
        "source": "Public Page",
        "is_shortlisted": false,
        "last_activity_at": "2026-04-17T07:12:49.036Z",
        "created_at": "2026-04-17T07:12:49.036Z",
        "updated_at": "2026-04-17T07:12:49.036Z",
        "is_deleted": false,
        "deleted_at": null
    }
},
{
    "model": "pipeline.applicationcomment",
    "pk": 4,
    "fields": {
        "application": 4,
        "author": [
            "c_user1"
        ],
        "text": "test",
        "created_at": "2026-04-15T13:31:43.524Z"
    }
},
{
    "model": "pipeline.applicationanswer",
    "pk": 1,
    "fields": {
        "application": 8,
        "field": 1,
        "text_answer": "sdfsdfs",
        "file_answer": ""
    }
},
{
    "model": "pipeline.applicationanswer",
    "pk": 2,
    "fields": {
        "application": 8,
        "field": 2,
        "text_answer": "sdfsdsdfsdfsdf",
        "file_answer": ""
    }
},
{
    "model": "pipeline.applicationanswer",
    "pk": 3,
    "fields": {
        "application": 8,
        "field": 3,
        "text_answer": "1",
        "file_answer": ""
    }
},
{
    "model": "pipeline.applicationanswer",
    "pk": 4,
    "fields": {
        "application": 8,
        "field": 4,
        "text_answer": "yes",
        "file_answer": ""
    }
},
{
    "model": "pipeline.applicationanswer",
    "pk": 5,
    "fields": {
        "application": 8,
        "field": 5,
        "text_answer": "2203-10-22",
        "file_answer": ""
    }
},
{
    "model": "pipeline.applicationanswer",
    "pk": 6,
    "fields": {
        "application": 8,
        "field": 6,
        "text_answer": "2",
        "file_answer": ""
    }
},
{
    "model": "pipeline.applicationanswer",
    "pk": 7,
    "fields": {
        "application": 8,
        "field": 7,
        "text_answer": "",
        "file_answer": "application_files/Wesam_1.pdf"
    }
},
{
    "model": "pipeline.applicationanswer",
    "pk": 8,
    "fields": {
        "application": 8,
        "field": 8,
        "text_answer": "",
        "file_answer": "application_files/Untitled-2.png"
    }
},
{
    "model": "pipeline.applicationanswer",
    "pk": 9,
    "fields": {
        "application": 10,
        "field": 1,
        "text_answer": "ll",
        "file_answer": ""
    }
},
{
    "model": "pipeline.applicationanswer",
    "pk": 10,
    "fields": {
        "application": 10,
        "field": 2,
        "text_answer": "jk",
        "file_answer": ""
    }
},
{
    "model": "pipeline.applicationanswer",
    "pk": 11,
    "fields": {
        "application": 10,
        "field": 3,
        "text_answer": "1",
        "file_answer": ""
    }
},
{
    "model": "pipeline.applicationanswer",
    "pk": 12,
    "fields": {
        "application": 10,
        "field": 4,
        "text_answer": "yes",
        "file_answer": ""
    }
},
{
    "model": "pipeline.applicationanswer",
    "pk": 13,
    "fields": {
        "application": 10,
        "field": 5,
        "text_answer": "1220-12-20",
        "file_answer": ""
    }
},
{
    "model": "pipeline.applicationanswer",
    "pk": 14,
    "fields": {
        "application": 10,
        "field": 6,
        "text_answer": "15",
        "file_answer": ""
    }
},
{
    "model": "pipeline.applicationanswer",
    "pk": 15,
    "fields": {
        "application": 10,
        "field": 7,
        "text_answer": "",
        "file_answer": "application_files/Wesam_1_Qk7G2ZW.pdf"
    }
},
{
    "model": "pipeline.applicationanswer",
    "pk": 16,
    "fields": {
        "application": 10,
        "field": 8,
        "text_answer": "",
        "file_answer": "application_files/Untitled-1.png"
    }
},
{
    "model": "pipeline.applicationanswer",
    "pk": 17,
    "fields": {
        "application": 12,
        "field": 1,
        "text_answer": "test",
        "file_answer": ""
    }
},
{
    "model": "pipeline.applicationanswer",
    "pk": 18,
    "fields": {
        "application": 12,
        "field": 4,
        "text_answer": "yes",
        "file_answer": ""
    }
},
{
    "model": "pipeline.applicationanswer",
    "pk": 19,
    "fields": {
        "application": 12,
        "field": 7,
        "text_answer": "",
        "file_answer": "application_files/Ref-aldirawi.pdf"
    }
},
{
    "model": "pipeline.applicationanswer",
    "pk": 20,
    "fields": {
        "application": 12,
        "field": 8,
        "text_answer": "",
        "file_answer": "application_files/Untitled-1_nXgATBw.png"
    }
},
{
    "model": "activities.activitylog",
    "pk": 1,
    "fields": {
        "user": [
            "Company1"
        ],
        "company": 1,
        "action": "create_job",
        "description": "Company1 created job test1",
        "created_at": "2026-04-09T09:04:14.817Z"
    }
},
{
    "model": "activities.activitylog",
    "pk": 2,
    "fields": {
        "user": [
            "Company1"
        ],
        "company": 1,
        "action": "team_add",
        "description": "Company1 added team member c_user1",
        "created_at": "2026-04-09T09:05:37.778Z"
    }
},
{
    "model": "activities.activitylog",
    "pk": 3,
    "fields": {
        "user": [
            "Company1"
        ],
        "company": 1,
        "action": "team_update",
        "description": "Company1 updated permissions for c_user1",
        "created_at": "2026-04-09T09:05:41.921Z"
    }
},
{
    "model": "activities.activitylog",
    "pk": 4,
    "fields": {
        "user": [
            "Company1"
        ],
        "company": 1,
        "action": "team_update",
        "description": "Company1 updated permissions for c_user1",
        "created_at": "2026-04-09T09:05:48.985Z"
    }
},
{
    "model": "activities.activitylog",
    "pk": 5,
    "fields": {
        "user": [
            "Company1"
        ],
        "company": 1,
        "action": "team_update",
        "description": "Company1 updated permissions for c_user1",
        "created_at": "2026-04-09T09:08:19.313Z"
    }
},
{
    "model": "activities.activitylog",
    "pk": 6,
    "fields": {
        "user": [
            "c_user1"
        ],
        "company": 1,
        "action": "link_candidate",
        "description": "c_user1 linked Alaa Abu Saleem to test1",
        "created_at": "2026-04-09T14:36:47.704Z"
    }
},
{
    "model": "activities.activitylog",
    "pk": 7,
    "fields": {
        "user": [
            "c_user1"
        ],
        "company": 1,
        "action": "rate",
        "description": "c_user1 rated Alaa Abu Saleem with 5/5",
        "created_at": "2026-04-09T14:36:51.812Z"
    }
},
{
    "model": "activities.activitylog",
    "pk": 8,
    "fields": {
        "user": [
            "c_user1"
        ],
        "company": 1,
        "action": "comment",
        "description": "c_user1 commented on Alaa Abu Saleem: tesy",
        "created_at": "2026-04-09T14:36:55.683Z"
    }
},
{
    "model": "activities.activitylog",
    "pk": 9,
    "fields": {
        "user": [
            "Company1"
        ],
        "company": 1,
        "action": "accept",
        "description": "Company1 marked Alaa Abu Saleem as Accepted",
        "created_at": "2026-04-09T14:39:11.681Z"
    }
},
{
    "model": "activities.activitylog",
    "pk": 10,
    "fields": {
        "user": [
            "Company1"
        ],
        "company": 1,
        "action": "accept",
        "description": "Company1 marked Alaa Abu Saleem as Accepted",
        "created_at": "2026-04-09T14:39:31.278Z"
    }
},
{
    "model": "activities.activitylog",
    "pk": 11,
    "fields": {
        "user": [
            "company2"
        ],
        "company": 2,
        "action": "team_add",
        "description": "company2 added team member c_user2",
        "created_at": "2026-04-11T08:55:56.885Z"
    }
},
{
    "model": "activities.activitylog",
    "pk": 12,
    "fields": {
        "user": [
            "company2"
        ],
        "company": 2,
        "action": "create_job",
        "description": "company2 created job test2",
        "created_at": "2026-04-11T08:56:32.722Z"
    }
},
{
    "model": "activities.activitylog",
    "pk": 13,
    "fields": {
        "user": [
            "Company1"
        ],
        "company": 1,
        "action": "reject",
        "description": "Company1 marked Alaa Abu Saleem as Rejected",
        "created_at": "2026-04-11T09:00:56.728Z"
    }
},
{
    "model": "activities.activitylog",
    "pk": 14,
    "fields": {
        "user": [
            "Company1"
        ],
        "company": 1,
        "action": "move_stage",
        "description": "Company1 moved Alaa Abu Saleem to Hired",
        "created_at": "2026-04-11T09:01:02.997Z"
    }
},
{
    "model": "activities.activitylog",
    "pk": 15,
    "fields": {
        "user": [
            "Company1"
        ],
        "company": 1,
        "action": "move_stage",
        "description": "Company1 moved Alaa Abu Saleem to Shortlisted",
        "created_at": "2026-04-11T09:01:06.291Z"
    }
},
{
    "model": "activities.activitylog",
    "pk": 16,
    "fields": {
        "user": [
            "Company1"
        ],
        "company": 1,
        "action": "move_stage",
        "description": "Company1 moved Alaa Abu Saleem to Applied",
        "created_at": "2026-04-11T09:01:08.803Z"
    }
},
{
    "model": "activities.activitylog",
    "pk": 17,
    "fields": {
        "user": [
            "Company1"
        ],
        "company": 1,
        "action": "move_stage",
        "description": "Company1 moved Alaa Abu Saleem to Shortlisted",
        "created_at": "2026-04-11T09:01:12.546Z"
    }
},
{
    "model": "activities.activitylog",
    "pk": 18,
    "fields": {
        "user": [
            "Company1"
        ],
        "company": 1,
        "action": "move_stage",
        "description": "Company1 moved Alaa Abu Saleem to Interviewing",
        "created_at": "2026-04-11T09:01:13.901Z"
    }
},
{
    "model": "activities.activitylog",
    "pk": 19,
    "fields": {
        "user": [
            "Company1"
        ],
        "company": 1,
        "action": "move_stage",
        "description": "Company1 moved Alaa Abu Saleem to Offered",
        "created_at": "2026-04-11T09:01:15.388Z"
    }
},
{
    "model": "activities.activitylog",
    "pk": 20,
    "fields": {
        "user": [
            "Company1"
        ],
        "company": 1,
        "action": "move_stage",
        "description": "Company1 moved Alaa Abu Saleem to Hired",
        "created_at": "2026-04-11T09:10:34.413Z"
    }
},
{
    "model": "activities.activitylog",
    "pk": 21,
    "fields": {
        "user": [
            "Company1"
        ],
        "company": 1,
        "action": "comment",
        "description": "Company1 commented on Alaa Abu Saleem: test",
        "created_at": "2026-04-14T13:37:28.880Z"
    }
},
{
    "model": "activities.activitylog",
    "pk": 22,
    "fields": {
        "user": [
            "Company1"
        ],
        "company": 1,
        "action": "rate",
        "description": "Company1 rated Alaa Abu Saleem with 3/5",
        "created_at": "2026-04-14T13:37:32.952Z"
    }
},
{
    "model": "activities.activitylog",
    "pk": 23,
    "fields": {
        "user": [
            "Company1"
        ],
        "company": 1,
        "action": "rate",
        "description": "Company1 rated Alaa Abu Saleem with 5/5",
        "created_at": "2026-04-14T13:37:34.698Z"
    }
},
{
    "model": "activities.activitylog",
    "pk": 24,
    "fields": {
        "user": [
            "Company1"
        ],
        "company": 1,
        "action": "rate",
        "description": "Company1 rated Alaa Abu Saleem with 2/5",
        "created_at": "2026-04-14T13:37:36.286Z"
    }
},
{
    "model": "activities.activitylog",
    "pk": 25,
    "fields": {
        "user": [
            "Company1"
        ],
        "company": 1,
        "action": "rate",
        "description": "Company1 rated Alaa Abu Saleem with 4/5",
        "created_at": "2026-04-14T13:37:37.784Z"
    }
},
{
    "model": "activities.activitylog",
    "pk": 26,
    "fields": {
        "user": [
            "Company1"
        ],
        "company": 1,
        "action": "move_stage",
        "description": "Company1 moved Alaa Abu Saleem to Applied",
        "created_at": "2026-04-14T13:37:43.628Z"
    }
},
{
    "model": "activities.activitylog",
    "pk": 27,
    "fields": {
        "user": [
            "Company1"
        ],
        "company": 1,
        "action": "move_stage",
        "description": "Company1 moved Alaa Abu Saleem to Shortlisted",
        "created_at": "2026-04-14T13:37:46.193Z"
    }
},
{
    "model": "activities.activitylog",
    "pk": 28,
    "fields": {
        "user": [
            "Company1"
        ],
        "company": 1,
        "action": "move_stage",
        "description": "Company1 moved Alaa Abu Saleem to Interviewing",
        "created_at": "2026-04-14T13:37:47.641Z"
    }
},
{
    "model": "activities.activitylog",
    "pk": 29,
    "fields": {
        "user": [
            "Company1"
        ],
        "company": 1,
        "action": "move_stage",
        "description": "Company1 moved Alaa Abu Saleem to Shortlisted",
        "created_at": "2026-04-14T13:37:48.977Z"
    }
},
{
    "model": "activities.activitylog",
    "pk": 30,
    "fields": {
        "user": [
            "Company1"
        ],
        "company": 1,
        "action": "move_stage",
        "description": "Company1 moved Alaa Abu Saleem to Applied",
        "created_at": "2026-04-14T13:37:49.887Z"
    }
},
{
    "model": "activities.activitylog",
    "pk": 31,
    "fields": {
        "user": [
            "Company1"
        ],
        "company": 1,
        "action": "move_stage",
        "description": "Company1 moved Alaa Abu Saleem to Accepted",
        "created_at": "2026-04-14T13:38:10.629Z"
    }
},
{
    "model": "activities.activitylog",
    "pk": 32,
    "fields": {
        "user": [
            "Company1"
        ],
        "company": 1,
        "action": "move_stage",
        "description": "Company1 moved Alaa Abu Saleem to Rejected",
        "created_at": "2026-04-14T13:39:27.723Z"
    }
},
{
    "model": "activities.activitylog",
    "pk": 33,
    "fields": {
        "user": [
            "Company1"
        ],
        "company": 1,
        "action": "rate",
        "description": "Company1 rated Alaa Abu Saleem with 5/5",
        "created_at": "2026-04-14T13:39:39.417Z"
    }
},
{
    "model": "activities.activitylog",
    "pk": 34,
    "fields": {
        "user": [
            "Company1"
        ],
        "company": 1,
        "action": "move_stage",
        "description": "Company1 moved Alaa Abu Saleem to Accepted",
        "created_at": "2026-04-14T13:46:43.571Z"
    }
},
{
    "model": "activities.activitylog",
    "pk": 35,
    "fields": {
        "user": [
            "Company1"
        ],
        "company": 1,
        "action": "comment",
        "description": "Company1 commented on Alaa Abu Saleem: test",
        "created_at": "2026-04-14T13:52:59.843Z"
    }
},
{
    "model": "activities.activitylog",
    "pk": 36,
    "fields": {
        "user": [
            "Company1"
        ],
        "company": 1,
        "action": "move_stage",
        "description": "Company1 moved mo to Shortlisted",
        "created_at": "2026-04-14T14:00:10.981Z"
    }
},
{
    "model": "activities.activitylog",
    "pk": 37,
    "fields": {
        "user": [
            "Company1"
        ],
        "company": 1,
        "action": "move_stage",
        "description": "Company1 moved mo to Applied",
        "created_at": "2026-04-14T14:00:12.085Z"
    }
},
{
    "model": "activities.activitylog",
    "pk": 38,
    "fields": {
        "user": [
            "c_user1"
        ],
        "company": 1,
        "action": "move_stage",
        "description": "c_user1 moved mo to Shortlisted",
        "created_at": "2026-04-14T14:00:45.020Z"
    }
},
{
    "model": "activities.activitylog",
    "pk": 39,
    "fields": {
        "user": [
            "c_user1"
        ],
        "company": 1,
        "action": "move_stage",
        "description": "c_user1 moved mo to Interviewing",
        "created_at": "2026-04-14T14:00:46.187Z"
    }
},
{
    "model": "activities.activitylog",
    "pk": 40,
    "fields": {
        "user": [
            "c_user1"
        ],
        "company": 1,
        "action": "move_stage",
        "description": "c_user1 moved mo to Offered",
        "created_at": "2026-04-14T14:00:47.311Z"
    }
},
{
    "model": "activities.activitylog",
    "pk": 41,
    "fields": {
        "user": [
            "c_user1"
        ],
        "company": 1,
        "action": "move_stage",
        "description": "c_user1 moved mo to Hired",
        "created_at": "2026-04-14T14:00:47.968Z"
    }
},
{
    "model": "activities.activitylog",
    "pk": 42,
    "fields": {
        "user": [
            "c_user1"
        ],
        "company": 1,
        "action": "move_stage",
        "description": "c_user1 moved mo to Offered",
        "created_at": "2026-04-14T14:00:48.525Z"
    }
},
{
    "model": "activities.activitylog",
    "pk": 43,
    "fields": {
        "user": [
            "c_user1"
        ],
        "company": 1,
        "action": "move_stage",
        "description": "c_user1 moved mo to Interviewing",
        "created_at": "2026-04-14T14:00:48.942Z"
    }
},
{
    "model": "activities.activitylog",
    "pk": 44,
    "fields": {
        "user": [
            "c_user1"
        ],
        "company": 1,
        "action": "move_stage",
        "description": "c_user1 moved mo to Applied",
        "created_at": "2026-04-14T14:00:49.578Z"
    }
},
{
    "model": "activities.activitylog",
    "pk": 45,
    "fields": {
        "user": [
            "c_user1"
        ],
        "company": 1,
        "action": "move_stage",
        "description": "c_user1 moved mo to Shortlisted",
        "created_at": "2026-04-14T14:01:16.859Z"
    }
},
{
    "model": "activities.activitylog",
    "pk": 46,
    "fields": {
        "user": [
            "c_user1"
        ],
        "company": 1,
        "action": "move_stage",
        "description": "c_user1 moved mo to Interviewing",
        "created_at": "2026-04-14T14:01:17.502Z"
    }
},
{
    "model": "activities.activitylog",
    "pk": 47,
    "fields": {
        "user": [
            "c_user1"
        ],
        "company": 1,
        "action": "move_stage",
        "description": "c_user1 moved mo to Applied",
        "created_at": "2026-04-14T14:01:18.261Z"
    }
},
{
    "model": "activities.activitylog",
    "pk": 48,
    "fields": {
        "user": [
            "c_user1"
        ],
        "company": 1,
        "action": "move_stage",
        "description": "c_user1 moved mo to Shortlisted",
        "created_at": "2026-04-14T14:01:18.716Z"
    }
},
{
    "model": "activities.activitylog",
    "pk": 49,
    "fields": {
        "user": [
            "c_user1"
        ],
        "company": 1,
        "action": "move_stage",
        "description": "c_user1 moved mo to Offered",
        "created_at": "2026-04-14T14:01:19.013Z"
    }
},
{
    "model": "activities.activitylog",
    "pk": 50,
    "fields": {
        "user": [
            "c_user1"
        ],
        "company": 1,
        "action": "move_stage",
        "description": "c_user1 moved mo to Interviewing",
        "created_at": "2026-04-14T14:01:19.884Z"
    }
},
{
    "model": "activities.activitylog",
    "pk": 51,
    "fields": {
        "user": [
            "c_user1"
        ],
        "company": 1,
        "action": "move_stage",
        "description": "c_user1 moved mo to Shortlisted",
        "created_at": "2026-04-14T14:01:20.403Z"
    }
},
{
    "model": "activities.activitylog",
    "pk": 52,
    "fields": {
        "user": [
            "c_user1"
        ],
        "company": 1,
        "action": "move_stage",
        "description": "c_user1 moved mo to Applied",
        "created_at": "2026-04-14T14:01:20.792Z"
    }
},
{
    "model": "activities.activitylog",
    "pk": 53,
    "fields": {
        "user": [
            "c_user1"
        ],
        "company": 1,
        "action": "move_stage",
        "description": "c_user1 moved mo to Shortlisted",
        "created_at": "2026-04-14T14:01:21.155Z"
    }
},
{
    "model": "activities.activitylog",
    "pk": 54,
    "fields": {
        "user": [
            "c_user1"
        ],
        "company": 1,
        "action": "move_stage",
        "description": "c_user1 moved mo to Interviewing",
        "created_at": "2026-04-14T14:01:23.683Z"
    }
},
{
    "model": "activities.activitylog",
    "pk": 55,
    "fields": {
        "user": [
            "c_user1"
        ],
        "company": 1,
        "action": "move_stage",
        "description": "c_user1 moved mo to Applied",
        "created_at": "2026-04-14T14:01:25.449Z"
    }
},
{
    "model": "activities.activitylog",
    "pk": 56,
    "fields": {
        "user": [
            "c_user1"
        ],
        "company": 1,
        "action": "move_stage",
        "description": "c_user1 moved mo to Shortlisted",
        "created_at": "2026-04-14T14:07:21.939Z"
    }
},
{
    "model": "activities.activitylog",
    "pk": 57,
    "fields": {
        "user": [
            "c_user1"
        ],
        "company": 1,
        "action": "move_stage",
        "description": "c_user1 moved mo to Applied",
        "created_at": "2026-04-14T14:07:24.044Z"
    }
},
{
    "model": "activities.activitylog",
    "pk": 58,
    "fields": {
        "user": [
            "Company1"
        ],
        "company": 1,
        "action": "create_job",
        "description": "Company1 created job it manager",
        "created_at": "2026-04-15T12:42:43.186Z"
    }
},
{
    "model": "activities.activitylog",
    "pk": 59,
    "fields": {
        "user": [
            "Company1"
        ],
        "company": 1,
        "action": "close_job",
        "description": "Company1 closed job it manager",
        "created_at": "2026-04-15T12:43:20.425Z"
    }
},
{
    "model": "activities.activitylog",
    "pk": 60,
    "fields": {
        "user": [
            "Company1"
        ],
        "company": 1,
        "action": "reopen_job",
        "description": "Company1 reopened job it manager",
        "created_at": "2026-04-15T12:43:26.362Z"
    }
},
{
    "model": "activities.activitylog",
    "pk": 61,
    "fields": {
        "user": [
            "Company1"
        ],
        "company": 1,
        "action": "move_stage",
        "description": "Company1 moved Alaa Abu Saleem to Shortlisted",
        "created_at": "2026-04-15T12:48:04.912Z"
    }
},
{
    "model": "activities.activitylog",
    "pk": 62,
    "fields": {
        "user": [
            "Company1"
        ],
        "company": 1,
        "action": "create_job",
        "description": "Company1 created job 2",
        "created_at": "2026-04-15T12:48:28.781Z"
    }
},
{
    "model": "activities.activitylog",
    "pk": 63,
    "fields": {
        "user": [
            "Company1"
        ],
        "company": 1,
        "action": "close_job",
        "description": "Company1 closed job 2",
        "created_at": "2026-04-15T12:53:29.632Z"
    }
},
{
    "model": "activities.activitylog",
    "pk": 64,
    "fields": {
        "user": [
            "Company1"
        ],
        "company": 1,
        "action": "reopen_job",
        "description": "Company1 reopened job 2",
        "created_at": "2026-04-15T12:53:35.879Z"
    }
},
{
    "model": "activities.activitylog",
    "pk": 65,
    "fields": {
        "user": [
            "company2"
        ],
        "company": 2,
        "action": "create_job",
        "description": "company2 created job graphic",
        "created_at": "2026-04-15T13:17:00.449Z"
    }
},
{
    "model": "activities.activitylog",
    "pk": 66,
    "fields": {
        "user": [
            "company2"
        ],
        "company": 2,
        "action": "edit_job",
        "description": "company2 edited job graphic",
        "created_at": "2026-04-15T13:17:36.123Z"
    }
},
{
    "model": "activities.activitylog",
    "pk": 67,
    "fields": {
        "user": [
            "Company1"
        ],
        "company": 1,
        "action": "team_update",
        "description": "Company1 updated permissions for c_user1",
        "created_at": "2026-04-15T13:31:03.895Z"
    }
},
{
    "model": "activities.activitylog",
    "pk": 68,
    "fields": {
        "user": [
            "c_user1"
        ],
        "company": 1,
        "action": "move_stage",
        "description": "c_user1 moved Alaa Abu Saleem to Interviewing",
        "created_at": "2026-04-15T13:31:26.432Z"
    }
},
{
    "model": "activities.activitylog",
    "pk": 69,
    "fields": {
        "user": [
            "c_user1"
        ],
        "company": 1,
        "action": "move_stage",
        "description": "c_user1 moved Alaa Abu Saleem to Offered",
        "created_at": "2026-04-15T13:31:27.703Z"
    }
},
{
    "model": "activities.activitylog",
    "pk": 70,
    "fields": {
        "user": [
            "c_user1"
        ],
        "company": 1,
        "action": "move_stage",
        "description": "c_user1 moved Alaa Abu Saleem to Hired",
        "created_at": "2026-04-15T13:31:30.353Z"
    }
},
{
    "model": "activities.activitylog",
    "pk": 71,
    "fields": {
        "user": [
            "c_user1"
        ],
        "company": 1,
        "action": "move_stage",
        "description": "c_user1 moved Alaa Abu Saleem to Rejected",
        "created_at": "2026-04-15T13:31:31.345Z"
    }
},
{
    "model": "activities.activitylog",
    "pk": 72,
    "fields": {
        "user": [
            "c_user1"
        ],
        "company": 1,
        "action": "move_stage",
        "description": "c_user1 moved Alaa Abu Saleem to Accepted",
        "created_at": "2026-04-15T13:31:32.104Z"
    }
},
{
    "model": "activities.activitylog",
    "pk": 73,
    "fields": {
        "user": [
            "c_user1"
        ],
        "company": 1,
        "action": "move_stage",
        "description": "c_user1 moved Alaa Abu Saleem to Hired",
        "created_at": "2026-04-15T13:31:33.121Z"
    }
},
{
    "model": "activities.activitylog",
    "pk": 74,
    "fields": {
        "user": [
            "c_user1"
        ],
        "company": 1,
        "action": "comment",
        "description": "c_user1 commented on Alaa Abu Saleem: test",
        "created_at": "2026-04-15T13:31:43.530Z"
    }
},
{
    "model": "activities.activitylog",
    "pk": 75,
    "fields": {
        "user": [
            "Company1"
        ],
        "company": 1,
        "action": "team_update",
        "description": "Company1 updated permissions for c_user1",
        "created_at": "2026-04-15T13:32:00.781Z"
    }
},
{
    "model": "activities.activitylog",
    "pk": 76,
    "fields": {
        "user": [
            "Company1"
        ],
        "company": 1,
        "action": "team_update",
        "description": "Company1 updated permissions for c_user1",
        "created_at": "2026-04-15T13:32:10.705Z"
    }
},
{
    "model": "activities.activitylog",
    "pk": 77,
    "fields": {
        "user": [
            "Company1"
        ],
        "company": 1,
        "action": "team_update",
        "description": "Company1 updated permissions for c_user1",
        "created_at": "2026-04-15T13:32:27.351Z"
    }
},
{
    "model": "activities.activitylog",
    "pk": 78,
    "fields": {
        "user": [
            "c_user1"
        ],
        "company": 1,
        "action": "move_stage",
        "description": "c_user1 moved Alaa Abu Saleem to Hired",
        "created_at": "2026-04-15T13:38:26.635Z"
    }
},
{
    "model": "activities.activitylog",
    "pk": 79,
    "fields": {
        "user": [
            "c_user1"
        ],
        "company": 1,
        "action": "move_stage",
        "description": "c_user1 moved Alaa Abu Saleem to Offered",
        "created_at": "2026-04-15T13:38:28.041Z"
    }
},
{
    "model": "activities.activitylog",
    "pk": 80,
    "fields": {
        "user": [
            "c_user1"
        ],
        "company": 1,
        "action": "move_stage",
        "description": "c_user1 moved Alaa Abu Saleem to Interviewing",
        "created_at": "2026-04-15T13:38:29.127Z"
    }
},
{
    "model": "activities.activitylog",
    "pk": 81,
    "fields": {
        "user": [
            "c_user1"
        ],
        "company": 1,
        "action": "move_stage",
        "description": "c_user1 moved Alaa Abu Saleem to Accepted",
        "created_at": "2026-04-15T13:38:45.250Z"
    }
},
{
    "model": "activities.activitylog",
    "pk": 82,
    "fields": {
        "user": [
            "c_user1"
        ],
        "company": 1,
        "action": "move_stage",
        "description": "c_user1 moved Alaa Abu Saleem to Applied",
        "created_at": "2026-04-15T13:39:01.152Z"
    }
},
{
    "model": "activities.activitylog",
    "pk": 83,
    "fields": {
        "user": [
            "Company1"
        ],
        "company": 1,
        "action": "team_update",
        "description": "Company1 updated permissions for c_user1",
        "created_at": "2026-04-15T13:39:10.482Z"
    }
},
{
    "model": "activities.activitylog",
    "pk": 84,
    "fields": {
        "user": [
            "c_user1"
        ],
        "company": 1,
        "action": "move_stage",
        "description": "c_user1 moved Alaa Abu Saleem to Interviewing",
        "created_at": "2026-04-15T13:39:18.899Z"
    }
},
{
    "model": "activities.activitylog",
    "pk": 85,
    "fields": {
        "user": [
            "c_user1"
        ],
        "company": 1,
        "action": "move_stage",
        "description": "c_user1 moved Alaa Abu Saleem to Shortlisted",
        "created_at": "2026-04-15T13:39:19.832Z"
    }
},
{
    "model": "activities.activitylog",
    "pk": 86,
    "fields": {
        "user": [
            "c_user1"
        ],
        "company": 1,
        "action": "move_stage",
        "description": "c_user1 moved Alaa Abu Saleem to Applied",
        "created_at": "2026-04-15T13:39:21.240Z"
    }
},
{
    "model": "activities.activitylog",
    "pk": 87,
    "fields": {
        "user": [
            "c_user1"
        ],
        "company": 1,
        "action": "move_stage",
        "description": "c_user1 moved Alaa Abu Saleem to Interviewing",
        "created_at": "2026-04-15T13:39:21.928Z"
    }
},
{
    "model": "activities.activitylog",
    "pk": 88,
    "fields": {
        "user": [
            "Company1"
        ],
        "company": 1,
        "action": "team_update",
        "description": "Company1 updated permissions for c_user1",
        "created_at": "2026-04-15T13:39:38.183Z"
    }
},
{
    "model": "activities.activitylog",
    "pk": 89,
    "fields": {
        "user": [
            "Company1"
        ],
        "company": 1,
        "action": "move_stage",
        "description": "Company1 moved Alaa Abu Saleem to Hired",
        "created_at": "2026-04-15T13:41:59.144Z"
    }
},
{
    "model": "activities.activitylog",
    "pk": 90,
    "fields": {
        "user": [
            "company2"
        ],
        "company": 2,
        "action": "move_stage",
        "description": "company2 moved emp to Shortlisted",
        "created_at": "2026-04-16T10:53:39.074Z"
    }
},
{
    "model": "activities.activitylog",
    "pk": 91,
    "fields": {
        "user": [
            "company2"
        ],
        "company": 2,
        "action": "move_stage",
        "description": "company2 moved emp to Applied",
        "created_at": "2026-04-16T10:53:47.350Z"
    }
},
{
    "model": "activities.activitylog",
    "pk": 92,
    "fields": {
        "user": [
            "company2"
        ],
        "company": 2,
        "action": "move_stage",
        "description": "company2 moved emp to Shortlisted",
        "created_at": "2026-04-16T10:53:56.786Z"
    }
},
{
    "model": "activities.activitylog",
    "pk": 93,
    "fields": {
        "user": [
            "company2"
        ],
        "company": 2,
        "action": "move_stage",
        "description": "company2 moved emp to Interviewing",
        "created_at": "2026-04-16T10:53:58.961Z"
    }
},
{
    "model": "activities.activitylog",
    "pk": 94,
    "fields": {
        "user": [
            "company2"
        ],
        "company": 2,
        "action": "move_stage",
        "description": "company2 moved emp to Offered",
        "created_at": "2026-04-16T10:54:04.657Z"
    }
},
{
    "model": "activities.activitylog",
    "pk": 95,
    "fields": {
        "user": [
            "company2"
        ],
        "company": 2,
        "action": "move_stage",
        "description": "company2 moved emp to Hired",
        "created_at": "2026-04-16T10:54:17.947Z"
    }
},
{
    "model": "activities.activitylog",
    "pk": 96,
    "fields": {
        "user": [
            "company2"
        ],
        "company": 2,
        "action": "move_stage",
        "description": "company2 moved emp to Rejected",
        "created_at": "2026-04-16T10:54:25.411Z"
    }
},
{
    "model": "activities.activitylog",
    "pk": 97,
    "fields": {
        "user": [
            "Company1"
        ],
        "company": 1,
        "action": "move_stage",
        "description": "Company1 moved emp to Interviewing",
        "created_at": "2026-04-16T11:09:19.522Z"
    }
},
{
    "model": "activities.activitylog",
    "pk": 98,
    "fields": {
        "user": [
            "Company1"
        ],
        "company": 1,
        "action": "move_stage",
        "description": "Company1 moved emp to Shortlisted",
        "created_at": "2026-04-16T11:09:45.777Z"
    }
},
{
    "model": "activities.activitylog",
    "pk": 99,
    "fields": {
        "user": [
            "Company1"
        ],
        "company": 1,
        "action": "move_stage",
        "description": "Company1 moved emp to Interviewing",
        "created_at": "2026-04-16T11:36:54.754Z"
    }
},
{
    "model": "activities.activitylog",
    "pk": 100,
    "fields": {
        "user": [
            "Company1"
        ],
        "company": 1,
        "action": "move_stage",
        "description": "Company1 moved emp to Hired",
        "created_at": "2026-04-16T11:37:13.749Z"
    }
},
{
    "model": "activities.activitylog",
    "pk": 101,
    "fields": {
        "user": [
            "Company1"
        ],
        "company": 1,
        "action": "move_stage",
        "description": "Company1 moved emp to Offered",
        "created_at": "2026-04-16T11:37:18.585Z"
    }
},
{
    "model": "activities.activitylog",
    "pk": 102,
    "fields": {
        "user": [
            "Company1"
        ],
        "company": 1,
        "action": "move_stage",
        "description": "Company1 moved emp to Interviewing",
        "created_at": "2026-04-16T11:37:35.539Z"
    }
},
{
    "model": "activities.activitylog",
    "pk": 103,
    "fields": {
        "user": [
            "Company1"
        ],
        "company": 1,
        "action": "move_stage",
        "description": "Company1 moved Alaa Abu Saleem to Shortlisted",
        "created_at": "2026-04-16T11:37:36.962Z"
    }
},
{
    "model": "activities.activitylog",
    "pk": 104,
    "fields": {
        "user": [
            "Company1"
        ],
        "company": 1,
        "action": "create_job",
        "description": "Company1 created job HR Manager",
        "created_at": "2026-04-16T11:50:25.345Z"
    }
},
{
    "model": "activities.activitylog",
    "pk": 105,
    "fields": {
        "user": [
            "Company1"
        ],
        "company": 1,
        "action": "edit_job",
        "description": "Company1 edited job HR Manager",
        "created_at": "2026-04-16T11:50:34.610Z"
    }
},
{
    "model": "activities.activitylog",
    "pk": 106,
    "fields": {
        "user": [
            "Company1"
        ],
        "company": 1,
        "action": "move_stage",
        "description": "Company1 moved emp to Hired",
        "created_at": "2026-04-17T08:48:23.468Z"
    }
},
{
    "model": "activities.activitylog",
    "pk": 107,
    "fields": {
        "user": [
            "alaa.saleem"
        ],
        "company": 1,
        "action": "move_stage",
        "description": "[SuperAdmin] Soft-deleted company: alaa.company1 Company",
        "created_at": "2026-04-17T08:55:30.451Z"
    }
},
{
    "model": "activities.activitylog",
    "pk": 108,
    "fields": {
        "user": [
            "alaa.saleem"
        ],
        "company": 1,
        "action": "move_stage",
        "description": "[SuperAdmin] Restored company ID 5",
        "created_at": "2026-04-17T08:55:33.671Z"
    }
},
{
    "model": "sites.site",
    "fields": {
        "domain": "example.com",
        "name": "example.com"
    }
},
{
    "model": "sites.site",
    "fields": {
        "domain": "https://ahtarafion.com/",
        "name": "ahtarafion"
    }
},
{
    "model": "sites.site",
    "fields": {
        "domain": "ahtarafion.com",
        "name": "ahtarafion"
    }
},
{
    "model": "socialaccount.socialapp",
    "pk": 1,
    "fields": {
        "provider": "google",
        "provider_id": "Google",
        "name": "Google Login",
        "client_id": "153871975958-ntb7h50nrdku2jhaf2a5u33c2p8dm06b.apps.googleusercontent.com",
        "secret": "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",
        "key": "",
        "settings": {},
        "sites": [
            [
                "ahtarafion.com"
            ],
            [
                "example.com"
            ]
        ]
    }
},
{
    "model": "socialaccount.socialaccount",
    "pk": 1,
    "fields": {
        "user": [
            "as"
        ],
        "provider": "Google",
        "uid": "105862186163826469565",
        "last_login": "2026-04-06T13:13:58.818Z",
        "date_joined": "2026-04-06T13:13:58.818Z",
        "extra_data": {
            "iss": "https://accounts.google.com",
            "azp": "153871975958-ntb7h50nrdku2jhaf2a5u33c2p8dm06b.apps.googleusercontent.com",
            "aud": "153871975958-ntb7h50nrdku2jhaf2a5u33c2p8dm06b.apps.googleusercontent.com",
            "sub": "105862186163826469565",
            "at_hash": "kQNOIcvd_bh9CeJpZyZvkA",
            "name": "As M",
            "picture": "https://lh3.googleusercontent.com/a/ACg8ocKYhRt6b0vCsKble8lQaDRN8WqbYapgbMlcJERCXu6HxnY_Qg=s96-c",
            "given_name": "As",
            "family_name": "M",
            "iat": 1775481238,
            "exp": 1775484838
        }
    }
},
{
    "model": "admin.logentry",
    "pk": 1,
    "fields": {
        "action_time": "2026-04-06T12:51:50.629Z",
        "user": [
            "alaa"
        ],
        "content_type": [
            "socialaccount",
            "socialapp"
        ],
        "object_id": "1",
        "object_repr": "Google Login",
        "action_flag": 1,
        "change_message": "[{\"added\": {}}]"
    }
},
{
    "model": "admin.logentry",
    "pk": 2,
    "fields": {
        "action_time": "2026-04-06T13:03:26.710Z",
        "user": [
            "alaa"
        ],
        "content_type": [
            "sites",
            "site"
        ],
        "object_id": "2",
        "object_repr": "https://ahtarafion.com/",
        "action_flag": 1,
        "change_message": "[{\"added\": {}}]"
    }
},
{
    "model": "admin.logentry",
    "pk": 3,
    "fields": {
        "action_time": "2026-04-06T13:03:29.173Z",
        "user": [
            "alaa"
        ],
        "content_type": [
            "socialaccount",
            "socialapp"
        ],
        "object_id": "1",
        "object_repr": "Google Login",
        "action_flag": 2,
        "change_message": "[{\"changed\": {\"fields\": [\"Sites\"]}}]"
    }
},
{
    "model": "admin.logentry",
    "pk": 4,
    "fields": {
        "action_time": "2026-04-06T13:05:22.643Z",
        "user": [
            "alaa"
        ],
        "content_type": [
            "socialaccount",
            "socialapp"
        ],
        "object_id": "1",
        "object_repr": "Google Login",
        "action_flag": 2,
        "change_message": "[{\"changed\": {\"fields\": [\"Sites\"]}}]"
    }
},
{
    "model": "admin.logentry",
    "pk": 5,
    "fields": {
        "action_time": "2026-04-06T13:06:10.749Z",
        "user": [
            "alaa"
        ],
        "content_type": [
            "sites",
            "site"
        ],
        "object_id": "3",
        "object_repr": "ahtarafion.com",
        "action_flag": 1,
        "change_message": "[{\"added\": {}}]"
    }
},
{
    "model": "admin.logentry",
    "pk": 6,
    "fields": {
        "action_time": "2026-04-06T13:06:18.127Z",
        "user": [
            "alaa"
        ],
        "content_type": [
            "socialaccount",
            "socialapp"
        ],
        "object_id": "1",
        "object_repr": "Google Login",
        "action_flag": 2,
        "change_message": "[{\"changed\": {\"fields\": [\"Sites\"]}}]"
    }
}
]
